n_docs,k,query,answer,answer_relevance,faithfulness
1000,3,What is BERT and how does self-attention work?,"The provided context does not contain specific information or details about BERT (Bidirectional Encoder Representations from Transformers) or self-attention mechanisms. These topics are not discussed in any of the three research papers mentioned ([Paper 1], [Paper 2], [Paper 3]). Therefore, I cannot provide an answer based on the given context. To answer your question about BERT and self-attention, I would need to refer to other sources or research papers that specifically address these topics.",0.6844383478164673,0.2727272727272727
1000,3,How does word2vec represent word meaning?,"Word2vec, specifically the skip-gram model with negative sampling as discussed in [Paper 3], represents word meaning by using a weighted logistic PCA (Principal Component Analysis) framework. This connection allows for a better understanding of the objective of word2vec and enables comparisons with other word embedding methods. It also extends the representation to higher dimensional models, which can capture more nuanced aspects of word meaning (Paper 3).

While the papers above do not directly discuss the specifics of how word2vec represents word meaning, the connection made between skip-gram with negative sampling and weighted logistic PCA provides insights into the underlying mathematical structure that word2vec uses to represent words in a high-dimensional space. This representation allows words with similar meanings to be closer together in the vector space, thus capturing semantic relationships between words (Paper 3).",0.6791045665740967,0.5185185185185185
1000,3,What are the main challenges in machine translation?,"The main challenges in machine translation are not explicitly detailed in the provided abstracts. However, Paper 2 [Paper 2] does mention that the article reviews the neural machine translation (NMT) framework and discusses challenges in NMT. To provide a more comprehensive answer, one would need to access the full text of Paper 2, as the abstract does not contain specific details about the challenges.

Reference:
- Paper 2 [Paper 2]: ""Neural Machine Translation: Challenges, Progress and Future.""

For a more detailed understanding of the challenges in machine translation, it is recommended to read the full text of Paper 2.",0.7479283809661865,0.6226415094339622
1000,3,How does topic modeling work?,"The provided research papers do not directly discuss the topic of topic modeling. Topic modeling is a technique used in text mining and natural language processing to discover abstract topics within a document collection. It involves algorithms like Latent Dirichlet Allocation (LDA) to identify patterns of word usage across documents and group them into topics.

To answer your question based on the context above, I must clarify that none of the papers ([Paper 1], [Paper 2], [Paper 3]) specifically address the workings of topic modeling. However, I can provide some general insights into topic modeling:

Topic modeling works by analyzing the distribution of words across a collection of documents and identifying patterns of co-occurrence. The goal is to discover latent topics that represent the underlying themes or concepts in the text data. Some popular topic modeling algorithms include Latent Dirichlet Allocation (LDA), Non-negative Matrix Factorization (NMF), and Latent Semantic Analysis (LSA).

These algorithms use statistical methods to estimate the probability distributions of topics within documents and words within topics. By iteratively updating these distributions, the algorithm can group words into topics and assign each document a distribution of topics, which can then be used for various applications, such as document classification, information retrieval, and content recommendation.

For a more in-depth understanding of topic model",0.624785304069519,0.13740458015267176
1000,3,What is named entity recognition?,"Named Entity Recognition (NER) is a crucial aspect of Natural Language Processing (NLP) tasks such as information extraction, question-answering, machine translation, and document summarization. According to [Paper 2], NER involves identifying and categorizing key elements from text into predefined categories like names of persons, organizations, locations, etc. The paper specifically discusses NER in the context of Indian languages, including Assamese, which is agglutinative and faces challenges due to limited resources. The paper provides an overview of rule-based and machine learning approaches available for NER and surveys related research in this field.",0.6672970056533813,0.5964912280701754
1000,3,How is sentiment analysis performed on text?,"Sentiment analysis on text, particularly in the context of the provided research papers, is performed through machine learning models that classify text data into different sentiment categories. Specifically, Paper 1 [Paper 1] discusses a multi-class sentiment analysis application using textual data sets from online health-related forums. The study investigates the correlation between corpus characteristics of these textual datasets and the results of text classification in sentiment analysis.

Furthermore, Paper 2 [Paper 2] examines the impact of homograph attacks on sentiment analysis for different Arabic dialects from the Maghreb North-African countries. This study highlights the vulnerabilities of machine learning models, such as transformers, when faced with homograph attacks, which can significantly decrease the classification performance (F1-score) in sentiment analysis tasks.

In summary, sentiment analysis on text is performed using machine learning models that classify text data into various sentiment categories. The performance of these models can be influenced by factors such as corpus characteristics and potential attacks like homograph attacks, as discussed in Paper 1 and Paper 2.",0.6595767736434937,0.7
1000,3,What is dependency parsing in NLP?,"The provided context does not directly discuss dependency parsing in Natural Language Processing (NLP). Dependency parsing is a technique used in NLP to analyze the grammatical structure of a sentence by establishing relationships between ""head"" words and words which modify those heads. The papers mentioned focus on different aspects of NLP and language understanding, but none of them specifically address dependency parsing. Therefore, I cannot provide a citation from the given papers on this topic.

For a comprehensive understanding of dependency parsing in NLP, it would be necessary to refer to other research papers or resources that specifically discuss this topic.",0.6808715462684631,0.26785714285714285
5000,3,What is BERT and how does self-attention work?,"The provided context does not contain specific information about BERT (Bidirectional Encoder Representations from Transformers) or the concept of self-attention. These topics are not discussed in any of the three research papers mentioned ([Paper 1], [Paper 2], [Paper 3]). Therefore, I cannot provide an answer based on the given context. To answer your question about BERT and self-attention, I would need to refer to other sources or research papers that specifically address these topics.",0.6911855936050415,0.20930232558139536
5000,3,How does word2vec represent word meaning?,"Based on the context provided in the research papers, word2vec, specifically the skip-gram model mentioned in [Paper 1], represents word meaning by decomposing the word embeddings into two subvectors. These subvectors roughly correspond to the semantic and syntactic roles of the word. The semantic subvector captures the meaning or concept associated with the word, while the syntactic subvector captures the syntactic role or grammatical function of the word within sentences. This decomposition allows for a nuanced representation of word meaning that encompasses both its semantic content and its syntactic usage.

Reference:
[Paper 1] Title: Semantics- and Syntax-related Subvectors in the Skip-gram Embeddings

Note: The other papers do not directly address the representation of word meaning in word2vec, but they provide additional context on the performance and generalization of neural embeddings, as well as the importance of capturing syntactic and conceptual information in language models.",0.6841011643409729,0.5647058823529412
5000,3,What are the main challenges in machine translation?,"Based on the provided context from Paper 1, the main challenges in machine translation, particularly in real-time statistical speech translation, include:

1. Training language models: The researchers used TED, Europarl, and OPUS parallel text corpora for training language models (Paper 1).

2. Developmental tuning and testing: The translation system underwent developmental tuning and testing to ensure its effectiveness (Paper 1).

3. Part of speech tagging: Experiments involving part of speech tagging were conducted to improve the accuracy of the translation system (Paper 1).

4. Compound splitting: The researchers conducted experiments involving compound splitting to enhance the translation system's ability to handle complex language structures (Paper 1).

5. Linear language model interpolation: The researchers experimented with linear language model interpolation to improve the translation system's performance (Paper 1).

6. TrueCasing: TrueCasing was conducted to ensure accurate capitalization in the translated speech (Paper 1).

7. Morphosyntactic analysis: The researchers performed morphosyntactic analysis to better understand the structure and meaning of the source language, which is crucial for accurate translation (Paper 1).

These challenges highlight the complexity of real-time statistical speech translation and the need for advanced techniques and",0.7263671159744263,0.7154471544715447
5000,3,How does topic modeling work?,"The provided context does not directly discuss the workings of topic modeling. Topic modeling is a technique used in text mining and natural language processing to discover abstract topics within a document collection. It involves algorithms like Latent Dirichlet Allocation (LDA) to identify patterns of word usage across documents and group them into topics.

To understand topic modeling better, you might need to refer to other research papers or resources that specifically address this subject. The papers mentioned above focus on corpus statistics in text classification, text augmentation through back translation, and evaluation of machine translation for terminology consistency. None of these papers provide information on how topic modeling works.

Reference:
- [Paper 1] does not discuss topic modeling.
- [Paper 2] does not discuss topic modeling.
- [Paper 3] does not discuss topic modeling.

For a comprehensive understanding of topic modeling, please consult other relevant research papers or resources.",0.681555986404419,0.25263157894736843
5000,3,What is named entity recognition?,"Named Entity Recognition (NER) is a sub-task of Natural Language Processing (NLP) that distinguishes entities from unorganized text into predefined categorization. This concept is discussed in [Paper 2] and [Paper 3]. Specifically, [Paper 2] mentions NER as a task to recognize and extract spans of text associated with named entities and classify them in semantic categories, using Google BERT, a deep bidirectional language model. Similarly, [Paper 3] also talks about NER in the context of Bangla NLP, where they developed a Gazetteer to enhance the performance of NER.",0.6791815757751465,0.8541666666666666
5000,3,How is sentiment analysis performed on text?,"Sentiment analysis on text, as described in the provided research papers, involves the use of machine learning techniques to classify text data into different sentiment categories. Specifically, Paper 1 discusses a multi-class sentiment analysis application using textual data sets from online health-related forums. The study investigates the correlation between corpus characteristics and text classification results, indicating that sentiment analysis is performed by analyzing text data and classifying it based on its sentiment (e.g., positive, negative, neutral).

Additionally, Paper 2 examines the impact of homograph attacks on sentiment analysis for different Arabic dialects, showing a significant decrease in transformer classification performance when data is written in ""Arabizi."" This demonstrates that sentiment analysis can be affected by the input data's characteristics and the potential vulnerabilities of machine learning models.

Lastly, Paper 3 describes a system based on ConceptNet, an open knowledge graph, which achieved an $F_1$ score of 0.7368 on the SemEval 2018 task for distinguishing attributes using text corpora and relational knowledge. This suggests that sentiment analysis can also be performed by training linear classifiers on semantically-informed features extracted from text data.

In summary, sentiment analysis on text is performed using machine learning techniques, such as linear classifiers and transformer models, to classify text data into different",0.6772564649581909,0.6715328467153284
5000,3,What is dependency parsing in NLP?,"Dependency parsing in NLP is not directly discussed in the provided abstracts from the research papers. The information given in Paper 2 mentions ""Dependencey tree bank of annotated corpora for several Indian languages,"" which implies that dependency parsing involves creating dependency trees for language processing. However, without further details from the main text of Paper 2, we cannot provide a comprehensive definition or explanation of dependency parsing based solely on the given context.

Reference: Paper 2

Note: To provide a more accurate and detailed answer, it would be necessary to access the full text of Paper 2, where dependency parsing might be explained in the context of creating dependency trees for Indian languages.",0.6718209981918335,0.42028985507246375
15000,10,What is BERT and how does self-attention work?,"The provided context does not directly discuss BERT or the specifics of self-attention mechanisms. However, I can infer some related information from the context of Paper 9, which mentions transformer self-attention sublayers and effective attention.

Based on the context of Paper 9, which states:

""An attention matrix of a transformer self-attention sublayer can provably be decomposed into two components and only one of them (effective attention) contributes to the model output. This leads us to ask whether visualizing effective attention gives different conclusions than interpretation of standard attention.""

We can deduce that BERT (Bidirectional Encoder Representations from Transformers) is a type of transformer model that utilizes self-attention mechanisms. Self-attention in transformer models, such as BERT, allows the model to weigh the importance of different words in a sentence when processing and understanding the context. The attention mechanism helps the model to focus on relevant parts of the input when generating the output.

In Paper 9, the authors discuss the decomposition of the attention matrix into two components, with only the effective attention contributing to the model output. This suggests that effective attention is more relevant for understanding the linguistic features captured by the model for solving the end-task.

For a more detailed explanation of BERT and self-attention mechanisms,",0.6420404314994812,0.7542372881355932
15000,10,How does word2vec represent word meaning?,"Word2vec, as described in Paper 3, represents word meaning through a neural network model known as Skip-gram. This model creates vector representations of words, referred to as ""distributed word representations,"" which capture syntactic and semantic information about words without requiring explicit supervision for these aspects. The paper highlights that Skip-gram has gained popularity in various areas of natural language processing due to its ability to encapsulate word meanings effectively.

Additionally, Paper 6 provides further insight into how skip-gram embeddings can be decomposed into two subvectors, one corresponding to semantic roles and the other to syntactic roles of the word. This decomposition suggests that word2vec embeddings capture different aspects of word meaning, with one subvector representing the semantic information and the other representing the syntactic information.

In summary, word2vec, as described in Paper 3 and further elaborated in Paper 6, represents word meaning through vector representations that capture both semantic and syntactic information about words, without explicit supervision. The embeddings are created using a neural network model and can be decomposed into subvectors that represent different aspects of word meaning.",0.6110625267028809,0.7476635514018691
15000,10,What are the main challenges in machine translation?,"The main challenges in machine translation, as identified in the research papers, include:

1. Domain mismatch (Paper 8): This refers to the difficulty of translating text from one domain to another, where the source and target domains have different terminologies and contexts.

2. Amount of training data (Paper 8): Machine translation models require large amounts of high-quality training data to achieve good performance. Insufficient or poor-quality data can negatively impact the translation quality.

3. Rare words (Paper 8): Machine translation models may struggle to accurately translate rare or domain-specific words that are not well-represented in the training data.

4. Long sentences (Paper 8): Translating long sentences can be challenging due to issues such as maintaining coherence, preserving context, and handling complex syntactic structures.

5. Word alignment (Paper 8): Accurately aligning words or phrases between the source and target languages is crucial for effective translation. Misalignment can lead to errors and poor translation quality.

6. Beam search (Paper 8): Beam search is a decoding algorithm used in machine translation to generate multiple translation hypotheses. However, it can be computationally expensive and may not always produce the best translation.

7. Quality bar close to perfection (Paper",0.7429220676422119,0.624
15000,10,How does topic modeling work?,"The provided context does not directly discuss the specifics of how topic modeling works. However, it does mention ""Representation Learning for Natural Language Processing"" in Paper 5, which could be related to the concept of topic modeling as it involves distributed representation learning.

Title: Representation Learning for Natural Language Processing
Abstract:   This book aims to review and present the recent advances of distributed representation learning for NLP, including why representation learning can improve NLP, how representation learning takes part in various important topics of NLP, and what challenges are still not well addressed by distributed representation.

While this paper does not explicitly explain the process of topic modeling, it does highlight the role of representation learning in Natural Language Processing (NLP). Topic modeling is a technique used in NLP to discover abstract topics within a collection of documents. It involves using algorithms to identify patterns of word usage across documents and group them into topics. These topics can then be used for various purposes, such as document classification, summarization, and information retrieval.

For a more detailed explanation of topic modeling, you may need to refer to other sources or research papers that specifically focus on this topic. The provided context does not contain enough information to fully answer your question. (Paper 5)",0.64249587059021,0.6967213114754098
15000,10,What is named entity recognition?,"Named Entity Recognition (NER) is a sub-task of Natural Language Processing (NLP) that distinguishes entities from unorganized text into predefined categorization. This concept is discussed in detail in the following papers:

- [Paper 5] Beheshti-NER: Persian Named Entity Recognition Using BERT: ""Named entity recognition is a natural language processing task to recognize and extract spans of text associated with named entities and classify them in semantic categories.""
- [Paper 6] ANEC: An Amharic Named Entity Corpus and Transformer Based Recognizer: ""Named Entity Recognition is an information extraction task that serves as a preprocessing step for other natural language processing tasks, such as machine translation, information retrieval, and question answering.""
- [Paper 7] A Review on Part-of-Speech Technologies: While this paper does not explicitly mention NER, it discusses the importance of automatic part-of-speech (POS) tagging, which is a necessary step for further computational linguistics methodology, including NER tasks.
- [Paper 10] Gazetteer-Enhanced Bangla Named Entity Recognition with BanglaBERT Semantic Embeddings K-Means-Infused CRF Model: ""Named Entity Recognition (NER) is a sub-task",0.6836408376693726,0.908256880733945
15000,10,How is sentiment analysis performed on text?,"Sentiment analysis on text can be performed using various machine learning methods, as demonstrated in several research papers. Here are the approaches based on the provided context:

1. Multi-class sentiment analysis application: [Paper 1] investigates how corpus characteristics of textual data sets correspond to text classification results, specifically focusing on sentiment analysis.

2. Sentiment analysis on speaker-discriminated speech transcripts: [Paper 3] performs sentiment analysis on speaker-discriminated speech transcripts to detect the emotions of individual speakers involved in the conversation.

3. Emotional analysis of blogs and forums data: [Paper 4] conducts a statistical analysis of emotionally annotated comments in online datasets, examining chains of consecutive posts in discussions.

4. Extracting sentiment attitudes from analytical texts: [Paper 5] presents the RuSentRel corpus, where sentiments from the author to mentioned named entities, and sentiments of relations between mentioned entities, are annotated. A three-class machine learning task is considered for extracting sentiment relations between entities for the whole documents.

5. Fake news detection models: [Paper 6] explores various machine learning algorithms, including TFIDF and CV and W2V as features, for processing textual data in the context of fake news detection.",0.7081598043441772,0.8818897637795275
15000,10,What is dependency parsing in NLP?,"The provided context does not directly discuss dependency parsing in natural language processing (NLP). Dependency parsing is a method used in NLP to analyze the grammatical structure of a sentence by establishing relationships between ""head"" words and words which modify those heads. To answer your question with the given context, I would need to refer to external sources or research papers that specifically address dependency parsing.

For a comprehensive understanding of dependency parsing in NLP, I recommend consulting research papers or resources that focus on syntactic analysis and parsing techniques. Some potential sources could include:

1. ""A Dependency-Based Approach to Syntactic Parsing"" - This paper would likely discuss the principles and methodologies of dependency parsing in NLP.
2. ""Dependency Parsing with Neural Networks"" - This paper could provide insights into the application of neural networks in dependency parsing.
3. ""Evaluating Dependency Parsing Systems"" - This paper might offer a comparative analysis of different dependency parsing systems and their performance.

Please note that these are hypothetical references, as the provided context does not contain specific information on dependency parsing.",0.6577650308609009,0.5092592592592593
25000,5,What is BERT and how does self-attention work?,"Based on the provided research papers, there is no direct information or discussion about BERT (Bidirectional Encoder Representations from Transformers) or the specifics of how self-attention works within these texts. The papers focus on various aspects of language processing, cognitive science, and AI, but none of them directly address BERT or the technical details of self-attention mechanisms.

To understand BERT and self-attention, you would need to refer to other sources that specifically discuss these topics. For example, you might look into research papers that introduce BERT and its architecture, such as:

[Paper 6]
Title: BERT: Pre-training of Deep Bidirectional Transformers for Language Understanding

Abstract:   This paper introduces a new language representation model called BERT, which stands for Bidirectional Encoder Representations from Transformers. BERT is pre-trained on a large corpus of text and can be fine-tuned for various natural language processing tasks. The model uses a deep transformer architecture with self-attention mechanisms to capture contextual information from both left and right contexts in a sentence.

In this hypothetical paper, you would find an explanation of BERT and self-attention mechanisms, which are crucial for understanding the model's ability to process and represent language.

Since the",0.6547145843505859,0.3333333333333333
25000,5,How does word2vec represent word meaning?,"Word2vec, as described in Paper 5, represents word meaning through a method called Skip-gram. This approach uses a neural network to create vector representations of words, capturing syntactic and semantic information without requiring explicit supervision for these aspects. The paper highlights that Skip-gram has gained popularity in various areas of natural language processing due to its ability to capture word meanings effectively.

Reference: [Paper 5]",0.7108136415481567,0.7045454545454546
25000,5,What are the main challenges in machine translation?,"The main challenges in machine translation, as discussed in the provided research papers, can be summarized as follows:

1. Difficulty in defining and evaluating paraphrasing quality (Paper 2): The paper raises questions about how different words should be in order to be considered an acceptable paraphrase and whether automated metrics can exclusively evaluate the quality of a paraphrase.

2. Problems related to textual translation (Paper 3): The paper presents 27 problems encountered in automating the translation of movie/TV show subtitles, categorizing them into problems directly related to textual translation, subtitle creation guidelines, and problems due to adaptability of machine translation engines.

3. Cognitive issues in NLP (Paper 4): While not directly addressing machine translation, this paper discusses the relationship between computational linguistics and cognitive science, which could indirectly impact the development of more effective machine translation systems by integrating cognitive science principles.

4. Representation learning challenges (Paper 5): The paper discusses the recent advances in distributed representation learning for NLP and highlights the challenges that are still not well addressed by distributed representation. These challenges could potentially affect the performance of machine translation systems.

In summary, the main challenges in machine translation, as discussed in the provided research papers, include difficulties in",0.7469847202301025,0.6504065040650406
25000,5,How does topic modeling work?,"The provided research papers do not directly discuss the topic of topic modeling. Topic modeling is a method used in natural language processing (NLP) to discover abstract topics within a collection of documents. It typically involves statistical models to identify patterns of word usage and group similar documents together based on their content.

To understand topic modeling better, you might want to refer to other research papers or resources that specifically address this subject. The papers mentioned above focus on different aspects of NLP, such as paraphrasing evaluation (Paper 1), machine translation (Paper 2), cognitive issues in NLP (Paper 3), speech recognition datasets (Paper 4), and word segmentation on micro-blog texts (Paper 5). None of these papers directly explain how topic modeling works.

Reference:
- [Paper 1] - Title: What Makes a Good Paraphrase: Do Automated Evaluations Work?
- [Paper 2] - Title: Part of Speech and Universal Dependency effects on English Arabic Machine Translation
- [Paper 3] - Title: Introduction: Cognitive Issues in Natural Language Processing
- [Paper 4] - Title: Speech Commands: A Dataset for Limited-Vocabulary Speech Recognition
- [Paper 5] - Title: Word Segmentation on",0.6679434180259705,0.65
25000,5,What is named entity recognition?,"Named Entity Recognition (NER) is the process of identifying and classifying named entities present in text into predefined categories such as Person, Organization, Location, etc. This technique is particularly useful in legal texts, as mentioned in [Paper 1], where named entities are slightly different and more fine-grained. The paper introduces a new corpus of 46545 annotated legal named entities mapped to 14 legal entity types and develops a Baseline model for extracting legal named entities from judgment text. This highlights the importance of NER in legal Artificial Intelligence applications.",0.6738501787185669,0.7592592592592593
25000,5,How is sentiment analysis performed on text?,"Sentiment analysis on text is performed using various machine learning techniques and models, as described in the provided research papers.

1. Paper 1 (Paper 1) discusses the use of large language models (LLMs) such as BERT, RoBERTa, and XLNet for binary sentiment classification on small training datasets. These models have shown state-of-the-art results in sentiment analysis and similar domains.

2. Paper 2 (Paper 2) investigates the relationship between corpus characteristics of textual datasets and text classification results, specifically focusing on multi-class sentiment analysis in an online health-related forum.

3. Paper 5 (Paper 5) performs a statistical analysis of emotionally annotated comments in two large online datasets, examining chains of consecutive posts in discussions. The study shows a high level of correlation for the emotional content of messages, indicating the effectiveness of sentiment analysis on text.

In summary, sentiment analysis on text is performed using machine learning techniques and models like LLMs (Paper 1), analyzing corpus characteristics and emotional content in textual datasets (Papers 2 and 5). These approaches help in understanding and classifying the sentiment expressed in the text.",0.6768099069595337,0.75
25000,5,What is dependency parsing in NLP?,"The provided research papers do not directly discuss dependency parsing in natural language processing (NLP). Dependency parsing is a technique used in NLP to analyze the grammatical structure of a sentence by establishing relationships between ""head"" words and words which modify those heads. Since none of the papers [Paper 1] through [Paper 5] explicitly mention dependency parsing, I cannot provide a citation-based answer from the given context.

For a comprehensive understanding of dependency parsing in NLP, it would be advisable to consult other research papers or resources that specifically address this topic.",0.6859440803527832,0.2962962962962963
44949,10,What is BERT and how does self-attention work?,"The provided context does not directly discuss BERT or the specifics of self-attention mechanisms. BERT (Bidirectional Encoder Representations from Transformers) is a widely recognized model in the field of Natural Language Processing (NLP), but it is not explicitly mentioned in any of the given research papers.

However, we can infer some related concepts from the papers that might help us understand the broader context of BERT and self-attention. For instance, Paper 5 discusses ""On General Language Understanding"" and emphasizes the importance of understanding different language use situations and the multifaceted nature of language understanding. This could be relevant when considering how BERT, with its bidirectional context understanding, might handle various language use scenarios.

Paper 10 mentions ""Relative Position Prediction as Pre-training for Text Encoders,"" which is closely related to the self-attention mechanism in transformer models like BERT. Self-attention allows the model to weigh the importance of different words in a sentence, considering their relative positions. This mechanism enables the model to capture contextual information and improve its understanding of language.

To gain a more comprehensive understanding of BERT and self-attention, it would be beneficial to consult additional research papers or resources that specifically address these topics.

Reference:
- Paper 10: Relative Position Prediction as",0.6263317465782166,0.46825396825396826
44949,10,How does word2vec represent word meaning?,"Word2vec, as described in Paper 7, represents word meaning through a method called Skip-gram. This approach creates vector representations of words using a neural network, capturing syntactic and semantic information about words without any explicit supervision in this respect. The model achieves this by considering the context in which words appear, allowing it to learn distributed representations that reflect the words' meanings and relationships with other words (Paper 7).

Additionally, Paper 9 discusses combining sentence context with structural features extracted from dependency trees to improve performance in supervised term-matching tasks. This suggests that word2vec's representation of word meaning can be further enhanced by incorporating structural information from the surrounding text.

While word2vec primarily focuses on capturing syntactic and semantic information through its Skip-gram model, the context from Paper 9 indicates that combining it with structural features can lead to a more comprehensive representation of word meaning.

In summary, word2vec represents word meaning primarily through its Skip-gram model (Paper 7), capturing syntactic and semantic information about words. The representation can be further improved by incorporating structural features from dependency trees (Paper 9).",0.6403661966323853,0.7477477477477478
44949,10,What are the main challenges in machine translation?,"The main challenges in machine translation, as identified in the provided research papers, include:

1. Lack of adequate datasets and evaluation methods for narrative processing (Paper 1): The paper argues that there are no sufficient resources to work on narrative processing, which is crucial for generating longer and subjectively interesting texts in NLP.

2. Difficulty in representing human and machine dictionaries in markup languages (Paper 2): The paper discusses the issues in representing machine-readable dictionaries in XML and TEI guidelines, which could impact the quality of machine translation.

3. Poorly defined tasks and apples-to-oranges comparisons in peer review (Paper 3): The paper suggests that the inconsistency in peer review processes may affect the quality of machine translation submissions.

4. Defining acceptable paraphrasing and using automated evaluations (Paper 4): The paper questions the effectiveness of automated metrics in evaluating the quality of paraphrases, which could impact the translation process.

5. Language adaptability and trade-offs between computational costs and performance (Paper 5): The paper investigates the factors affecting the language adaptability of multilingual models, which is essential for machine translation.

6. Gender bias in speech translation technology (Paper 6): The paper highlights",0.7676823139190674,0.8205128205128205
44949,10,How does topic modeling work?,"The provided context does not directly discuss the workings of topic modeling. Topic modeling is a statistical method for discovering abstract topics that occur in a collection of documents. The papers mentioned focus on various aspects of natural language processing (NLP), such as paraphrasing, word sense disambiguation, machine translation, base noun phrase learning, cognitive issues in NLP, language models, speech recognition, and gender bias in speech translation. However, none of these papers specifically address the mechanisms or methodologies behind topic modeling.

To gain a comprehensive understanding of topic modeling, it would be necessary to consult additional research papers or resources that specifically discuss this NLP technique.

Reference: None of the papers [1]-[10] directly discuss topic modeling. (Paper numbers: [1]-[10])",0.6747807860374451,0.5316455696202531
44949,10,What is named entity recognition?,"Named Entity Recognition (NER) is a subtask of information extraction that focuses on automatically identifying and classifying named entities (such as persons, organizations, locations, etc.) within a text. This concept is discussed in several research papers, specifically:

- [Paper 1]: ""Named Entity Recognition in Indian court judgments"" introduces a new corpus of 46545 annotated legal named entities mapped to 14 legal entity types, highlighting the importance of NER in developing legal AI applications.
- [Paper 7]: ""NSURL-2019 Task 7: Named Entity Recognition (NER) in Farsi"" compares different approaches to identify phrases specifying named entities in Farsi texts, establishing a standard testbed for future research on NER in Farsi.

These papers demonstrate the significance of NER in various domains, including legal and linguistic contexts, and its role in enhancing AI applications that require understanding and processing human language.",0.6622934341430664,0.7411764705882353
44949,10,How is sentiment analysis performed on text?,"Sentiment analysis on text can be performed using various techniques and tools as described in the provided research papers. Here are some approaches based on the context:

1. Binary sentiment classification on small training datasets can be achieved using state-of-the-art language models like BERT, RoBERTa, and XLNet (Paper 2).

2. Corpus characteristics of textual data sets can be investigated to understand their impact on text classification results, including sentiment analysis (Paper 3).

3. Sentiment analysis can be performed on speaker-discriminated speech transcripts to detect emotions of individual speakers involved in the conversation (Paper 6).

4. Emotional analysis of blogs and forum data can be conducted by examining chains of consecutive posts in discussions, showing a high level of correlation for the emotional content of messages (Paper 9).

5. Relative position prediction as pre-training for text encoders can be used to show superior performance on downstream tasks, which may include sentiment analysis (Paper 10).

6. Sentiment analysis can also be carried out using R packages, such as Sentiment R, which properly accounts for the presence of negators (Paper 7).

7. Applying repurposed generic QA data and models to relation extraction tasks can also contribute to sentiment analysis, as",0.69359290599823,0.8403361344537815
44949,10,What is dependency parsing in NLP?,"The provided context does not directly discuss dependency parsing in natural language processing (NLP). Dependency parsing is a technique used in NLP to analyze the grammatical structure of a sentence by establishing relationships between ""head"" words and words which modify those heads. Since none of the papers explicitly mention dependency parsing, I cannot cite a specific paper number from the given context.

For a comprehensive understanding of dependency parsing in NLP, it would be advisable to consult other research papers or resources that specifically address this topic.",0.6901408433914185,0.27450980392156865
