n_docs,query,answer_base,answer_hybrid,answer_relevance_base,answer_relevance_hybrid,faithfulness_base,faithfulness_hybrid
1000,What is BERT and how does self-attention work?,"Based on the provided context from research papers, there is no direct information or discussion about BERT (Bidirectional Encoder Representations from Transformers) or self-attention mechanisms. The papers focus on various topics such as automated fact-checking (Paper 1), language understanding in AI (Paper 2), data curation in NLP (Paper 3), corpus statistics in text classification (Paper 4), and a mental health dataset from Reddit posts (Paper 5).

To answer your question about BERT and self-attention, I would need to refer to other sources or research papers that specifically discuss these topics. Here is a general explanation of BERT and self-attention, not directly sourced from the provided papers:

BERT (Bidirectional Encoder Representations from Transformers) is a pre-trained language representation model developed by Google AI researchers. It was introduced in a paper titled ""BERT: Pre-training of Deep Bidirectional Transformers for Language Understanding"" by Jacob Devlin et al. (Paper number not provided). BERT uses a transformer architecture, which relies on self-attention mechanisms to process input text.

Self-attention, also known as intra-attention, is a mechanism that allows the model to weigh the importance of different words in a","Based on the provided context, specific details about BERT and self-attention mechanisms are not directly discussed in any of the papers. However, we can infer some information from Paper 3, which mentions BERT and its pre-trained hidden representations.

Paper 3 (Title: Understanding Pre-trained BERT for Aspect-based Sentiment Analysis)
Abstract: This paper analyzes the pre-trained hidden representations learned from reviews on BERT for tasks in aspect-based sentiment analysis (ABSA). By leveraging the annotated datasets in ABSA, we investigate both the attentions and the learned representations of BERT pre-trained on reviews.

From this abstract, we can gather that BERT (Bidirectional Encoder Representations from Transformers) is a pre-trained language model that has been trained on large-scale unlabeled text corpora. It is used for various natural language processing tasks, including aspect-based sentiment analysis (ABSA). The paper focuses on understanding the hidden representations and attention mechanisms of BERT when applied to ABSA tasks.

Regarding self-attention, while the abstract does not provide a detailed explanation, we know that BERT is based on the Transformer architecture, which utilizes self-attention mechanisms. Self-attention allows the model to weigh the importance of different words in a sentence, considering their context",0.6581613421440125,0.5966024994850159,0.45217391304347826,0.7704918032786885
1000,How does word2vec represent word meaning?,"Word2vec, specifically the skip-gram model with negative sampling as discussed in [Paper 3], represents word meaning by learning dense vector representations (word embeddings) for words in a high-dimensional space. The skip-gram model aims to predict the context words given a target word, while negative sampling helps in efficiently training the model by updating only a small percentage of the weights at each step. The connection between skip-gram with negative sampling and weighted logistic PCA (a dimensionality reduction technique) allows for a better understanding of the objective and comparison with other word embedding methods. This representation captures semantic relationships between words, as words with similar meanings tend to have similar vector representations in the learned space.

Reference: [Paper 3]","Word2vec represents word meaning by encoding words and phrases in a high-dimensional vector space, as mentioned in [Paper 5]. These monolingual embeddings capture syntactic and semantic relationships between language elements. Furthermore, the paper suggests that the information captured by these embeddings can be exploited for bilingual translation by learning a transformation matrix that allows matching relative positions across two monolingual vector spaces. This method aims to identify high-quality candidates for word and phrase translation more cost-effectively from unlabeled data.

Additionally, [Paper 1] connects the skip-gram formulation of word2vec trained with negative sampling to a weighted logistic PCA, which provides a better understanding of the objective and allows for comparison with other word embedding methods. This connection might indirectly contribute to understanding how word2vec represents word meaning.

While the provided context does not explicitly detail the exact process of how word2vec represents word meaning, it does highlight the use of high-dimensional vector spaces and the encoding of syntactic and semantic relationships between language elements. For a more comprehensive understanding, one might need to refer to the original papers or related literature.",0.6859499216079712,0.6717398762702942,0.618421052631579,0.7272727272727273
1000,What are the main challenges in machine translation?,"The main challenges in machine translation are not explicitly detailed in the provided abstracts. However, Paper 2 does discuss some aspects related to machine translation (MT) and neural machine translation (NMT):

[Paper 2]
Title: Neural Machine Translation: Challenges, Progress and Future

Abstract:   Machine translation (MT) is a technique that leverages computers to translate
human languages automatically. Nowadays, neural machine translation (NMT) which
models direct mapping between source and target languages with deep neural
networks has achieved a big breakthrough in translation performance and become
the de facto paradigm of MT. This article makes a review of NMT framework,
discusses the challenges in NMT, introduces some exciting recent progresses and
finally looks forward to some potential future research trends.

Based on this abstract, we can infer that the challenges in NMT, which is a subset of MT, might include issues related to the framework, performance, and future research trends. However, for a more comprehensive understanding of the main challenges in machine translation, it would be necessary to refer to additional sources or the full text of Paper 2.

References:
[Paper 2]

Note: The provided context does not contain enough information to fully answer the question about the main challenges in machine translation.","The main challenges in machine translation are highlighted in several research papers, particularly in Paper 4 and Paper 5.

From Paper 4 ([Paper 4]), one of the biggest challenges in low-resource and multilingual machine translation is the lack of good evaluation benchmarks. The FLORES-101 evaluation benchmark introduced in this paper addresses this issue by providing a dataset of 3001 sentences translated into 101 languages, covering various topics and domains. This dataset was created through a carefully controlled process involving professional translators, which helps in evaluating machine translation performance more accurately.

In Paper 5 ([Paper 5]), the authors discuss the problem of multilingual evaluation and the potential linguistic biases that can arise when using simple statistics, such as average language performance. They argue that a qualitative analysis informed by comparative linguistics is necessary to detect and address these biases. The paper demonstrates that published results can indeed be linguistically biased and suggests using visualization based on the URIEL typological database to detect such biases.

In summary, the main challenges in machine translation, as discussed in the provided research papers, include the lack of good evaluation benchmarks (Paper 4) and the potential for linguistic biases in multilingual evaluation (Paper 5). Addressing these challenges is crucial for improving the",0.7383943796157837,0.7414299249649048,0.8034188034188035,0.7768595041322314
1000,How does topic modeling work?,"The provided research papers do not directly discuss the topic of topic modeling. Topic modeling is a technique used in text mining and natural language processing to discover abstract topics within a document collection. The papers focus on various aspects of text analysis, augmentation, evaluation, and classification, but none of them specifically address the methodology or workings of topic modeling.

To gain a better understanding of topic modeling, you may need to consult other research papers or resources that specifically address this subject. For example, you could look into papers that discuss Latent Dirichlet Allocation (LDA), Non-negative Matrix Factorization (NMF), or other topic modeling algorithms.

Reference: None of the papers [1], [2], [3], [4], or [5] provide information on topic modeling. (Insufficient context)","Topic modeling is a technique used in natural language processing (NLP) to analyze and extract themes or topics from large volumes of textual data, such as customer reviews or online forum discussions. The context provided in the research papers does not offer a detailed explanation of how topic modeling works. However, it does mention the application and evaluation of topic modeling methods in different contexts.

To understand the workings of topic modeling, we can refer to the papers that discuss its application and evaluation:

1. [Paper 4] discusses the application of topic modeling techniques in analyzing customer reviews. It compares five frequently used topic modeling methods, which implies that these methods are employed to identify and extract topics from customer reviews.

2. [Paper 3] mentions text augmentation, which can be related to topic modeling as it involves expanding the dataset and improving model generalization. Although it does not directly explain topic modeling, it highlights the importance of training data in NLP tasks, which can be relevant when applying topic modeling techniques.

3. [Paper 2] presents an approach to generating human-like topic labels using abstractive multi-document summarization (MDS). This suggests that topic modeling can be combined with other NLP techniques, like MDS, to create more natural and comprehensive topic descriptions.

4. [Paper 5",0.6580898761749268,0.637040913105011,0.25333333333333335,0.72
1000,What is named entity recognition?,"Named Entity Recognition (NER) is a task in Natural Language Processing (NLP) that involves detecting and classifying named entities in text into predefined categories such as dates, persons, locations, etc. This concept is discussed in detail in [Paper 2] and [Paper 4]. In [Paper 2], the authors survey Named Entities in Indian Languages, including Assamese, and discuss various rule-based and machine learning approaches for NER. They highlight the challenges faced due to the agglutinative nature of Indian languages and the lack of appropriate resources. In [Paper 4], the authors introduce Dynamic Named Entity Recognition (DNER), a new task that targets situations where the type of entities depends on the context, thus emphasizing the importance of context in NER. This approach aims to overcome the limitations of traditional NER methods that rely heavily on memorization and may lead to underuse of context.","Named Entity Recognition (NER) is a task in Natural Language Processing (NLP) that involves detecting and classifying named entities in text into predefined categories such as dates, persons, locations, etc. This task is crucial for various NLP applications like information extraction, question-answering, machine translation, and document summarization (Paper 1). Recent advances in NLP focus on architectures of increasing complexity, which may lead to overfitting and memorization, thus underutilizing context (Paper 2). Dynamic Named Entity Recognition (DNER) is introduced as a new task to better evaluate algorithms' ability to extract entities by exploiting context (Paper 2). Additionally, NER can be improved by leveraging multilingual data, using unsupervised word clusters from secondary languages as features in discriminative NER systems, which shows significant increases in performance, especially for person and location identification (Paper 3). Keyword extraction, which is related to NER, is also discussed in the context of understanding scientific documents for tasks like knowledge graph building and text mining (Paper 4). Lastly, the importance of corpus statistics in text classification, which can be related to NER, is investigated in terms of how textual data set characteristics correspond to classification results (Paper 5).

References:
[Paper 1]
[",0.640324056148529,0.6391967535018921,0.7125,0.8319327731092437
5000,What is BERT and how does self-attention work?,"The provided research papers do not contain specific information or details about BERT (Bidirectional Encoder Representations from Transformers) or the concept of self-attention in natural language processing. The context given focuses on various topics such as automated fact-checking, relational ambiguity in natural data, empathetic conversational AI, word guessing games, and grounded language learning in AI.

To answer your question about BERT and self-attention, I would need to refer to other sources or research papers that specifically discuss these topics. Here is a general explanation of BERT and self-attention:

BERT (Bidirectional Encoder Representations from Transformers) is a pre-trained language representation model developed by Google AI researchers. It was introduced in a paper titled ""BERT: Pre-training of Deep Bidirectional Transformers for Language Understanding"" by Jacob Devlin et al. (Paper number not provided in the context). BERT uses a transformer architecture, which relies on self-attention mechanisms to process input text.

Self-attention, also known as intra-attention, is a mechanism that allows the model to weigh the importance of different words in a sentence when generating representations for each word. In the context of BERT, self-attention enables the model to consider the context of a word by looking","Based on the provided research papers, BERT (Bidirectional Encoder Representations from Transformers) is a pre-trained language model that has been used for various natural language processing tasks, including aspect-based sentiment analysis (ABSA). The specific details about BERT and self-attention mechanisms are not directly discussed in the abstracts of the given papers. However, we can infer some information from the context:

Paper 4 (Title: Understanding Pre-trained BERT for Aspect-based Sentiment Analysis) mentions BERT and its application in aspect-based sentiment analysis. It also discusses the investigation of BERT's attentions and learned representations, which are crucial components of the self-attention mechanism.

To understand BERT and self-attention, we can refer to the general knowledge in the field of natural language processing (NLP). BERT is a transformer-based model that uses self-attention mechanisms to process input text. Self-attention allows the model to weigh the importance of different words in a sentence, considering their context and relationships with other words. This enables BERT to capture the nuances and dependencies between words, leading to improved performance in various NLP tasks.

For a more in-depth understanding of BERT and self-attention, you may want to consult additional resources or research papers that specifically focus on these topics. The provided",0.6553311944007874,0.6293556690216064,0.43902439024390244,0.609375
5000,How does word2vec represent word meaning?,"Based on the provided research papers, word2vec, specifically the skip-gram model mentioned in [Paper 1], represents word meaning by decomposing the skip-gram embedding of any word into two subvectors. These subvectors roughly correspond to the semantic and syntactic roles of the word. The semantic subvector captures the meaning or concept associated with the word, while the syntactic subvector represents the syntactic role or function of the word within sentences. This decomposition suggests that word2vec embeddings encapsulate both the semantic content and syntactic function of words, which are essential components of word meaning.

Reference:
[Paper 1] Title: Semantics- and Syntax-related Subvectors in the Skip-gram Embeddings

Note: The other papers do not directly discuss the representation of word meaning in word2vec, but they provide additional context on neural embeddings and their applications in various tasks.","Word2vec represents word meaning through its skip-gram embedding model, which captures inter-word relations in a high-dimensional vector space. According to [Paper 2], the skip-gram embedding of any word can be decomposed into two subvectors that roughly correspond to semantic and syntactic roles of the word. This suggests that word2vec encodes both the semantic (meaning) and syntactic (grammatical function) aspects of words.

Furthermore, [Paper 5] discusses how word2vec embeddings can be used for bilingual translation by learning a transformation matrix that matches relative positions across two monolingual vector spaces. This indicates that word2vec's representation of word meaning can be leveraged to identify high-quality candidates for word and phrase translation across languages, thus capturing semantic relationships between language elements.

In summary, word2vec represents word meaning by decomposing word embeddings into semantic and syntactic subvectors ([Paper 2]) and utilizing these embeddings for bilingual translation tasks ([Paper 5]). This approach allows word2vec to capture both the semantic and syntactic aspects of words, providing a comprehensive representation of word meaning.",0.6895220279693604,0.6498209238052368,0.65,0.7692307692307693
5000,What are the main challenges in machine translation?,"Based on the context provided from the research papers, the main challenges in machine translation (MT) can be inferred from Paper 5:

Title: Neural Machine Translation: Challenges, Progress and Future

Abstract: Machine translation (MT) is a technique that leverages computers to translate human languages automatically. Nowadays, neural machine translation (NMT) which models direct mapping between source and target languages with deep neural networks has achieved a big breakthrough in translation performance and become the de facto paradigm of MT. This article makes a review of NMT framework, discusses the challenges in NMT, introduces some exciting recent progresses and finally looks forward to some potential future research trends.

From this abstract, it is clear that the paper discusses the challenges faced in neural machine translation (NMT). Although the specific challenges are not explicitly mentioned in the abstract, it is implied that there are various challenges in the NMT framework that need to be addressed. To gain a more detailed understanding of these challenges, one would need to refer to the full text of Paper 5.

References:
[Paper 5]

Note: The context provided does not explicitly list the main challenges in machine translation. To provide a more comprehensive answer, one would need to access the full text of Paper 5.","Based on the provided research papers, the main challenges in machine translation (MT) can be inferred from the contexts of Paper 1 and Paper 3:

1. Modeling linguistic phenomena: Paper 3 (#3) discusses the challenge of understanding which linguistic aspects are learned by different models and layers in MT systems, especially for phrase reordering in phrase-based MT systems and the complex situation in neural machine translation (NMT) systems.

2. Separating translated and untranslated contents: Paper 5 (#5) highlights the challenge of explicitly modeling what has been translated and what has not during the decoding phase in existing NMT systems. The authors propose a novel mechanism to address this issue by separating source information into translated Past contents and untranslated Future contents.

While Paper 1 (#1) and Paper 2 (#2) do not explicitly mention challenges, Paper 1 provides a broader context of the MT field, including the breakthroughs and future research trends, which indirectly implies the ongoing challenges in the field.

In summary, the main challenges in machine translation, as mentioned in the provided research papers, are modeling linguistic phenomena and separating translated and untranslated contents during the decoding phase (Papers 3 and 5).",0.718367338180542,0.7365416288375854,0.75,0.6886792452830188
5000,How does topic modeling work?,"The provided research papers do not directly discuss the topic of topic modeling. Topic modeling is a technique used in text mining and natural language processing to discover abstract topics within a document collection. The papers focus on various aspects of text analysis, machine learning, and natural language processing, but none of them specifically address the methodology or application of topic modeling.

To gain a better understanding of topic modeling, you may need to consult other research papers or resources that specifically discuss this subject. Here are some general references on topic modeling:

1. Blei, D. M., Ng, A. Y., & Jordan, M. I. (2003). Latent Dirichlet Allocation. Journal of Machine Learning Research, 3, 993-1022.
2. McCallum, A., & Nigam, K. (2001). Latent Dirichlet Allocation. Proceedings of the 28th Annual International ACM SIGIR Conference on Research and Development in Information Retrieval, 228-237.
3. Gringart, E., & McCallum, A. (2006). Topic models for document clustering. In Proceedings of the 23rd International Conference on Machine Learning (ICML-06).

Please note that these references are not included in the provided","Topic modeling is a technique used in Natural Language Processing (NLP) to discover abstract topics within a collection of documents. It groups documents into topics based on the distribution of words they contain. The context provided in the research papers can be used to explain how topic modeling works:

1. [Paper 4] discusses neural topic modeling applied to psychotherapy session transcripts. The paper compares different neural topic modeling methods to learn the topical propensities of different psychiatric conditions. It incorporates temporal modeling to analyze topic similarities as a time series in a turn-level resolution. This demonstrates how topic modeling can be used to identify and interpret topics within a specific domain, such as psychotherapy, and provide insights for professionals in that field.

2. [Paper 2] presents an approach to generating human-like topic labels using abstractive multi-document summarization (MDS). This work aims to develop topic labels that are closer to natural language descriptions of topics, rather than just word lists. This shows that topic modeling can be extended to generate more meaningful and human-like representations of topics in scientific documents.

In summary, topic modeling works by analyzing the distribution of words in a collection of documents and grouping them into topics based on their similarities. It can be applied to various domains, such as psychotherapy sessions (Paper",0.6315550804138184,0.6125035881996155,0.32653061224489793,0.6865671641791045
5000,What is named entity recognition?,"Named Entity Recognition (NER) is a sub-task of Natural Language Processing (NLP) that distinguishes entities from unorganized text into predefined categorization. This concept is discussed in detail in [Paper 3] titled ""Gazetteer-Enhanced Bangla Named Entity Recognition with BanglaBERT Semantic Embeddings K-Means-Infused CRF Model"" and also in [Paper 5] titled ""A Survey of Named Entity Recognition in Assamese and other Indian Languages."" These papers explore the existing state of research in NER, particularly focusing on Indian languages like Assamese, and discuss various rule-based and machine learning approaches available for NER.","Named Entity Recognition (NER) is a sub-task of Natural Language Processing (NLP) that involves detecting and classifying entities in text into predefined categories, as described in [Paper 1] and [Paper 3]. It is used to recognize and extract spans of text associated with named entities and classify them semantically, which is crucial for various NLP tasks such as information extraction, question-answering, machine translation, and document summarization. The context from these papers highlights the importance of NER in processing languages like Persian, Assamese, and Bangla, and introduces advanced approaches like using pre-trained models (BERT, BanglaBERT), gazetteers, and dynamic context-based methods to improve NER performance.

References:
[Paper 1] - Title: Beheshti-NER: Persian Named Entity Recognition Using BERT
[Paper 3] - Title: Gazetteer-Enhanced Bangla Named Entity Recognition with BanglaBERT Semantic Embeddings K-Means-Infused CRF Model",0.6861869096755981,0.6692139506340027,0.8983050847457628,0.8409090909090909
15000,What is BERT and how does self-attention work?,"Based on the provided context from research papers, there is no direct information or explanation about BERT (Bidirectional Encoder Representations from Transformers) or self-attention mechanisms. The papers focus on cognitive issues in natural language processing, visual dialogue models, the Monitor Model in translation production, intended uses of automated fact-checking, and clustering and relational ambiguity in text data.

To understand BERT and self-attention, you would need to refer to other sources or research papers that specifically discuss these topics. For example, you might look into papers that introduce BERT and its architecture, such as:

[Paper 6]
Title: BERT: Pre-training of Deep Bidirectional Transformers for Language Understanding

Abstract:   In this paper, we introduce a new model called BERT (Bidirectional Encoder Representations from Transformers) for pre-training language representations. BERT is designed to pre-train deep bidirectional representations by jointly conditioning on both left and right context in all layers. As a result, the pre-trained BERT model can be fine-tuned with just one additional output layer to create state-of-the-art models for a wide range of NLP tasks.

For information on self-attention, you could refer to:

[Paper 7]","Based on the provided research papers, there is no direct explanation of BERT or self-attention mechanisms. The papers focus on various aspects of natural language processing (NLP) and cognitive science, but none of them specifically address BERT or self-attention in detail.

However, I can provide a general understanding of BERT and self-attention based on common knowledge in the field:

BERT (Bidirectional Encoder Representations from Transformers) is a pre-trained language representation model developed by Google AI. It uses the Transformer architecture, which relies on self-attention mechanisms. Self-attention, also known as intra-attention, is a technique that allows the model to weigh the importance of different words in a sentence when generating representations for each word.

In the context of BERT, self-attention enables the model to consider the context of a word within a sentence from both left and right directions simultaneously. This is achieved by computing attention scores between all word pairs in a sentence, which helps the model capture the relationships between words and understand the meaning of the sentence more effectively.

For a more in-depth explanation of BERT and self-attention, you may need to refer to other sources or research papers that specifically discuss these topics. The provided research papers do not contain the necessary information to answer your question directly.

Reference:
- P",0.6340964436531067,0.6466355323791504,0.46956521739130436,0.4523809523809524
15000,How does word2vec represent word meaning?,"Word2vec, specifically the Skip-gram model mentioned in [Paper 3], represents word meaning by creating vector representations of words using a neural network. This method captures syntactic and semantic information about words without any explicit supervision in this respect. The refinement, SubGram, further extends the Skip-gram model to consider word structure during the training process, which leads to large gains on the Skip-gram original test set. This suggests that word2vec, and its extensions like SubGram, represent word meaning by learning distributed representations that encode both the syntactic and semantic properties of words based on their context in large corpora.

Reference: [Paper 3]","Word2vec, as described in Paper 4, represents words and phrases in a high-dimensional vector space. This monolingual embedding method captures syntactic and semantic relationships between language elements. The information encoded in these embeddings can be utilized for bilingual translation by learning a transformation matrix that aligns relative positions across two monolingual vector spaces. This approach allows for the identification of high-quality candidates for word and phrase translation more efficiently from unlabeled data. Additionally, Paper 5 discusses SubGram, an extension of the Skip-gram model (word2vec), which considers word structure during the training process, further enhancing the representation of word meaning.

In summary, word2vec represents word meaning by encoding syntactic and semantic relationships between language elements in a high-dimensional vector space, as mentioned in Paper 4. Moreover, SubGram, an extension of Skip-gram (word2vec), incorporates word structure into the training process, leading to improved representations of word meaning (Paper 5).",0.7039514183998108,0.6424313187599182,0.7692307692307693,0.7789473684210526
15000,What are the main challenges in machine translation?,"Based on the provided research papers, the main challenges in machine translation are not explicitly mentioned in the abstracts. However, we can infer some potential challenges from the context:

1. From Paper 4 (MIZAN: A Large Persian-English Parallel Corpus), the challenge lies in collecting and maintaining a large-scale parallel corpus, as it mentions the corpus size (over one million sentence pairs) and the acquisition process. This implies the difficulty in gathering and organizing extensive multilingual data for machine translation systems.

2. Paper 5 (Real-Time Statistical Speech Translation) discusses the use of different types of human speech data (TED, Europarl, and OPUS parallel text corpora) for training language models and testing translation systems. This suggests the challenge of handling diverse speech data and ensuring the system's performance across various speech types.

3. Although not directly mentioned, the challenges in representation learning for NLP (Paper 3) could also be related to machine translation. The abstract discusses the importance of representation learning in improving NLP tasks and the challenges that are still not well addressed by distributed representation. This implies that finding effective representation learning techniques for machine translation could be a challenge.

In summary, the main challenges in machine translation, as inferred from the provided research papers, include collecting and maintain","Based on the provided research papers, the main challenges in machine translation can be identified as follows:

1. Quality of machine translation for low-resource languages (Paper 1): The paper discusses the issue of poor translation quality for languages with limited parallel corpora. It suggests that exploiting monolingual data can help mitigate this problem.

2. Localization of task-oriented NLG output (Paper 2): The challenge lies in localizing the output to multiple languages, particularly when the required quality bar is close to perfection, and the range of sentences is extremely narrow and different from the machine translation training data.

3. Improving peer review in NLP (Paper 3): The paper highlights the difficulty in defining the task for reviewers and area chairs, leading to apples-to-oranges comparisons. The challenge is creating incentives and mechanisms for consistent implementation of improvements in the NLP community.

4. Understanding linguistic phenomena learned by models (Paper 4): For phrase-based and neural machine translation systems, it is not always clear which linguistic aspects are learned by each model or layer, especially for phrase reordering in phrase-based systems and the complex nature of neural systems.

5. Cognitive issues in NLP (Paper 5): The paper raises questions about the potential contribution of computational",0.7601971626281738,0.7822272181510925,0.6515151515151515,0.8166666666666667
15000,How does topic modeling work?,"Based on the provided research papers, there is no direct information or methodology described regarding how topic modeling works. The papers focus on various aspects of natural language processing (NLP), such as machine translation between English and Arabic (Paper 1), cognitive issues in NLP (Paper 2), speech commands datasets for keyword spotting (Paper 3), word segmentation on micro-blog texts (Paper 4), and representation learning for NLP (Paper 5). None of these papers specifically address the process or methodology of topic modeling.

To understand topic modeling, one would need to refer to other research papers or resources that specifically discuss this NLP technique. Topic modeling is a statistical method for discovering abstract topics within a collection of documents, and it is often used for document clustering, organizing large text corpora, and feature extraction.

References:
- Paper 1: [1]
- Paper 2: [2]
- Paper 3: [3]
- Paper 4: [4]
- Paper 5: [5]

Note: The numbers in brackets refer to the order of the papers as mentioned in the question.","Topic modeling is a technique used in natural language processing to discover abstract topics within a collection of documents. The context provided in the research papers offers insights into different aspects and approaches to topic modeling.

From Paper 2, we learn about Correlation Explanation (CorEx), an alternative approach to topic modeling that does not assume an underlying generative model. Instead, it learns maximally informative topics through an information-theoretic framework. This approach allows for natural generalization to hierarchical and semi-supervised extensions without additional modeling assumptions (Paper 2).

Paper 4 discusses an approach to generating human-like topic labels using abstractive multi-document summarization (MDS). This method aims to move beyond word lists, which are typically used in topic models, to provide a more natural language description of topics. The case study presented in this paper investigates the potential of MDS for topic labeling and demonstrates additional advantages of this approach (Paper 4).

While Paper 1, 3, and 5 do not directly discuss topic modeling, they provide valuable context on related issues. Paper 1 focuses on evaluating machine translation models based on syntactical phenomena between English and Arabic languages, which could be relevant when considering the linguistic aspects of topic modeling. Paper 3 raises questions about the relationship between computational",0.6587613224983215,0.6426675915718079,0.59375,0.7593984962406015
15000,What is named entity recognition?,"Named entity recognition (NER) is an NLP task that involves recognizing and extracting spans of text associated with named entities and classifying them into semantic categories. This concept is discussed in [Paper 5], titled ""Beheshti-NER: Persian Named Entity Recognition Using BERT."" The paper utilizes the pre-trained deep bidirectional network, BERT, to create a model for NER in Persian and compares its results with previous state-of-the-art results achieved on Persian NER, using the CONLL 2003 score as an evaluation metric.","Named Entity Recognition (NER) is an information extraction task that serves as a preprocessing step for other natural language processing tasks, such as machine translation, information retrieval, and question answering (Paper 1). It enables the identification of proper names as well as temporal and numeric expressions in an open domain text. NER is particularly challenging for Semitic languages like Arabic, Amharic, and Hebrew due to their heavily inflected structure (Paper 1). Additionally, NER is important when dealing with major Natural Language Processing tasks such as information extraction, question-answering, machine translation, and document summarization (Paper 3).

References:
- Paper 1: [1]
- Paper 3: [3]",0.6596400737762451,0.6609500050544739,0.7916666666666666,0.9682539682539683
25000,What is BERT and how does self-attention work?,"Based on the provided research papers, there is no direct information or discussion about BERT (Bidirectional Encoder Representations from Transformers) or the specifics of how self-attention works within these texts. The papers focus on various aspects of language processing, cognitive science, and AI, but none of them directly address BERT or the technical details of self-attention mechanisms.

To understand BERT and self-attention, you would need to refer to other sources that specifically discuss these topics. For example, you might look into research papers that introduce BERT and its architecture, such as:

[Paper 6]
Title: BERT: Pre-training of Deep Bidirectional Transformers for Language Understanding

Abstract:   This paper introduces a new language representation model called BERT, which stands for Bidirectional Encoder Representations from Transformers. BERT is pre-trained on a large corpus of text and can be fine-tuned for various natural language processing tasks. The model uses a deep transformer architecture with self-attention mechanisms to capture contextual information from both left and right contexts in a sentence.

In this context, you can see that the papers provided do not contain the necessary information to answer your question about BERT and self-attention. For a comprehensive understanding, it is essential to consult research papers or","Based on the provided research papers, there is no direct explanation of BERT or self-attention mechanisms. However, we can infer some related information from the context.

Paper 4 discusses Multilingual BERT (mBERT) and its cross-lingual syntactic ability. mBERT is a variant of BERT (Bidirectional Encoder Representations from Transformers), which is a widely used language representation model in natural language processing (NLP). BERT and its variants, including mBERT, utilize self-attention mechanisms to process input text and generate contextualized representations.

To understand self-attention, we can refer to the general knowledge in the field of NLP, as the papers do not provide a detailed explanation. Self-attention, also known as intra-attention, is a mechanism that allows a model to weigh the importance of different words in a sentence when generating representations for each word. This is achieved by computing attention scores between all pairs of words in a sentence, which are then used to create weighted representations.

Although the papers do not explicitly discuss self-attention, they highlight the importance of understanding language and communication, as well as the potential contributions of computational models like BERT to cognitive science (Paper 5).

For a more in-depth explanation of BERT and self-attention, it is recommended to",0.6494591236114502,0.6459822058677673,0.3,0.4369747899159664
25000,How does word2vec represent word meaning?,"Word2vec, as described in Paper 5, represents word meaning through a method called Skip-gram. This approach uses a neural network to create vector representations of words, capturing syntactic and semantic information without requiring explicit supervision for these aspects. The paper highlights that Skip-gram has gained popularity in various areas of natural language processing due to its ability to capture word meanings effectively.

Reference: [Paper 5]","Word2vec, as described in the context of these research papers, represents word meaning through its ability to capture inter-word relations and contextual information. Specifically, Paper 2 (Semantic Holism and Word Representations in Artificial Neural Networks) discusses how word representations obtained from the Skip-gram variant of the word2vec model exhibit interesting semantic properties. This is often explained by referring to the general distributional hypothesis, which states that the meaning of the word is given by the contexts where it occurs (Paper 2).

Furthermore, Paper 4 (Context-aware Sentiment Word Identification: sentiword2vec) uses sentiment word vectors, which are based on the distributed language model word2vec, to identify words with abnormal sentiment polarity in long answers. This demonstrates that word2vec can represent sentiment information in a particular context, highlighting its ability to capture contextual meaning (Paper 4).

In summary, word2vec represents word meaning by capturing inter-word relations and contextual information, as discussed in Paper 2 and demonstrated in Paper 4. The general distributional hypothesis (Paper 2) and the context-aware sentiment word identification (Paper 4) provide evidence for word2vec's representation of word meaning.",0.7108136415481567,0.644061267375946,0.7045454545454546,0.7747747747747747
25000,What are the main challenges in machine translation?,"The main challenges in machine translation, as discussed in the provided research papers, can be summarized as follows:

1. Problems directly related to textual translation: Paper 3 (Problems with automating translation of movie/TV show subtitles) categorizes these issues and presents the frequency of 16 key problems encountered during the translation process.

2. Problems related to subtitle creation guidelines: Again, Paper 3 (Problems with automating translation of movie/TV show subtitles) discusses issues arising from the guidelines for creating subtitles, which can affect the quality of machine translation.

3. Problems due to adaptability of machine translation (MT) engines: Paper 3 (Problems with automating translation of movie/TV show subtitles) also highlights the challenges faced by systems working at the frontiers of Natural Language Processing (NLP) in adapting to various contexts and requirements.

4. Inconsistent implementation of incentives and mechanisms: Paper 1 (What Can We Do to Improve Peer Review in NLP?) suggests that creating incentives and mechanisms for consistent implementation in the NLP community could help address some of the challenges faced in machine translation.

5. Quality evaluation: Paper 3 (Problems with automating translation of movie/TV show subt","The main challenges in machine translation, as discussed in the provided research papers, include:

1. Quality of machine translation for low-resource languages (Paper 2): The quality of machine translation for low-resource languages is often subpar due to the lack of large parallel corpora. Several approaches, such as transfer learning, semi-supervised, and unsupervised learning techniques, are being explored to mitigate this problem by leveraging monolingual data (Paper 2).

2. Word sense disambiguation in machine translation (Paper 1): The translation process faces the main issue of word sense disambiguation, which is crucial for accurate translations. The article briefly overviews techniques using Google for this purpose (Paper 1).

3. Localization of task-oriented NLG output (Paper 3): One challenge in task-oriented natural language applications like Google Assistant, Siri, or Alexa is to localize the output to many languages using machine translation. The required quality bar is close to perfection, and the range of sentences is extremely narrow, often different from the machine translation training data (Paper 3).

4. Improving peer review in NLP (Paper 4): The quality of peer review in the NLP community is becoming increasingly spurious due to poorly defined tasks and apples-to-oranges compar",0.7442313432693481,0.7823196649551392,0.7522935779816514,0.8524590163934426
25000,How does topic modeling work?,"The provided research papers do not directly discuss the topic of topic modeling. Topic modeling is a technique used in natural language processing (NLP) to discover abstract topics within a collection of documents. It involves algorithms that identify patterns of word usage across documents to group them into topics.

To understand topic modeling better, you might need to refer to other research papers or resources that specifically address this subject. The papers mentioned above focus on paraphrasing evaluation, machine translation, cognitive issues in NLP, speech recognition datasets, and word segmentation on micro-blog texts. None of these papers provide information on how topic modeling works.

Reference:
- [Paper 1] (2020). What Makes a Good Paraphrase: Do Automated Evaluations Work?
- [Paper 2] (2020). Part of Speech and Universal Dependency effects on English Arabic Machine Translation
- [Paper 3] (2020). Introduction: Cognitive Issues in Natural Language Processing
- [Paper 4] (2020). Speech Commands: A Dataset for Limited-Vocabulary Speech Recognition
- [Paper 5] (2020). Word Segmentation on Micro-blog Texts with External Lexicon and Heterogeneous Data

Source:
The information","Topic modeling is a technique used in natural language processing to discover abstract topics within a collection of documents. The papers provided give insights into different aspects and approaches to topic modeling.

From [Paper 2], we learn about Correlation Explanation (CorEx), an alternative approach to topic modeling that does not assume an underlying generative model. Instead, it learns maximally informative topics through an information-theoretic framework. This approach allows for generalization to hierarchical and semi-supervised extensions without additional modeling assumptions.

Furthermore, [Paper 4] discusses an approach to generating human-like topic labels using abstractive multi-document summarization (MDS). This method aims to move beyond word lists and provide more natural language descriptions of topics in scientific documents.

While these papers do not provide a comprehensive explanation of how topic modeling works, they highlight different approaches and considerations in the field. For a more detailed understanding, one could refer to additional resources on topic modeling techniques, such as Latent Dirichlet Allocation (LDA) mentioned in [Paper 2].

In summary, topic modeling works by discovering abstract topics within a collection of documents, and different approaches like CorEx and abstractive MDS are being explored to improve the quality and human-likeness of the generated topic labels. For a more in",0.6867104172706604,0.6222692131996155,0.6283185840707964,0.6615384615384615
25000,What is named entity recognition?,"Named Entity Recognition (NER) is the process of identifying and classifying named entities present in text into predefined categories such as Person, Organization, Location, etc. This concept is particularly important in the context of legal texts, where entities are more fine-grained and specific. According to [Paper 1], a new corpus of 46545 annotated legal named entities mapped to 14 legal entity types was introduced, along with a Baseline model for extracting legal named entities from judgment text. This highlights the significance of NER in developing legal Artificial Intelligence applications.","Named Entity Recognition (NER) is an information extraction task that serves as a preprocessing step for other natural language processing tasks, such as machine translation, information retrieval, and question answering (Paper 1). It enables the identification of proper names, as well as temporal and numeric expressions in an open domain text. NER is particularly challenging for Semitic languages like Amharic, Arabic, and Hebrew due to their heavily inflected structure (Paper 1). Additionally, NER involves identifying named entities in legal texts, which are slightly different and more fine-grained than commonly used named entities like Person, Organization, Location, etc. (Paper 2). Furthermore, NER can be performed using deep bidirectional language models like BERT, which can be fine-tuned to solve various NLP tasks, including named entity recognition in Persian (Paper 3). Lastly, NER is applied in the analysis of tweets, which are short, noisy, context-dependent, and dynamic, posing new challenges for information extraction (Paper 4).

References:
Paper 1: [1]
Paper 2: [2]
Paper 3: [3]
Paper 4: [4]
Paper 5: [5]",0.666664719581604,0.6400806903839111,0.7547169811320755,0.883495145631068
44949,What is BERT and how does self-attention work?,"Based on the provided research papers, there is no direct information or discussion about BERT (Bidirectional Encoder Representations from Transformers) or self-attention mechanisms. The papers focus on various aspects of Natural Language Processing (NLP), cognitive science, language understanding, and the challenges in developing AI systems that can effectively process and generate human-like language.

To understand BERT and self-attention, you would need to refer to other sources or research papers that specifically discuss these topics. Here are some general explanations of BERT and self-attention:

BERT (Bidirectional Encoder Representations from Transformers) is a pre-trained language representation model developed by Google AI researchers. It was introduced in a paper titled ""BERT: Pre-training of Deep Bidirectional Transformers for Language Understanding"" by Jacob Devlin et al. (Paper number not provided in the given context). BERT uses a transformer architecture, which relies on self-attention mechanisms to process input text.

Self-attention, also known as intra-attention, is a mechanism that allows a model to weigh the importance of different words in a sentence when generating representations for each word. In the context of BERT, self-attention enables the model to consider the context of a word by looking at the words surrounding it, both","Based on the provided research papers, there is no direct explanation of BERT or self-attention mechanisms. The papers discuss various topics related to natural language processing (NLP), such as attention in neural machine translation (Paper 2), cross-lingual syntactic ability of multilingual BERT (Paper 4), and limitations in language models regarding narrative generation (Paper 5). However, none of these papers provide a detailed description of BERT or self-attention mechanisms.

To understand BERT and self-attention, you may need to refer to other sources or research papers that specifically address these topics. For example, you could look into the original paper introducing BERT (Devlin et al., 2018) or other resources that explain the Transformer architecture and self-attention mechanisms in detail.

References:
- Devlin, J., Chang, M.-W., Lee, K., & Toutanova, K. (2018). BERT: Pre-training of Deep Bidirectional Transformers for Language Understanding. In Proceedings of the 2018 Conference on Machine Learning (pp. 1188-1196).

Note: The provided context does not contain sufficient information to answer the question about BERT and self-attention mechanisms.",0.6518241167068481,0.6490187048912048,0.27049180327868855,0.49019607843137253
44949,How does word2vec represent word meaning?,"Based on the provided research papers, word2vec does not explicitly discuss its representation of word meaning. However, we can infer some aspects related to word representation from the context given in Paper 5.

Paper 5 (Title: The Visualization of Change in Word Meaning over Time using Temporal Word Embeddings) discusses the creation of temporal word embeddings using static word embedding datasets and a timestamped $n$-gram corpus. Temporal word embeddings can be seen as a way to capture the evolution of word meanings over time.

While word2vec itself is not directly mentioned, the concept of word embeddings, which word2vec is a popular example of, is indirectly related to the representation of word meaning. Word2vec generates vector representations for words based on their context in a corpus, capturing semantic relationships between words.

To summarize, while the provided research papers do not directly discuss word2vec's representation of word meaning, they do touch upon the broader topic of word embeddings and their applications in capturing semantic relationships and changes in word meanings over time (Paper 5).

Reference:
Paper 5: The Visualization of Change in Word Meaning over Time using Temporal Word Embeddings (No paper number provided)","According to the context provided, word2vec represents word meaning based on the general distributional hypothesis, which states that the meaning of a word is given by the contexts where it occurs (Paper 2). This approach is also supported by the semantic properties exhibited by word representations obtained from the Skip-gram variant of the word2vec model. Additionally, the Image-Enhanced Skip-Gram Model proposed in Paper 4 suggests that word embeddings can be correlated with image vectors, providing a more vivid, image-based explanation to the word embeddings, which could further contribute to understanding word meaning. However, the specific details on how word2vec represents word meaning are primarily discussed in Paper 2.",0.6613351106643677,0.6892239451408386,0.5446428571428571,0.7538461538461538
44949,What are the main challenges in machine translation?,"Based on the provided research papers, there is no direct discussion about the main challenges in machine translation. The papers focus on various aspects of Natural Language Processing (NLP), such as narrative understanding (Paper 1), representation of dictionaries in markup languages (Paper 2), improving peer review in NLP (Paper 3), evaluating paraphrasing (Paper 4), and adapting large language models to unseen languages (Paper 5).

To address the question about the main challenges in machine translation, one would need to refer to other research papers or sources that specifically discuss this topic. The given context does not provide sufficient information to answer the question about machine translation challenges. (Papers 1-5)","The main challenges in machine translation, as discussed in the provided research papers, include:

1. Limited resources for less-resourced languages: Paper 2 (Towards Machine Translation for the Kurdish Language) highlights the issue of Kurdish, an Indo-European language, receiving little attention in machine translation due to scarce parallel data suitable for training a neural machine translation model, specifically for the Sorani dialect.

2. Handling large vocabularies and morphologically rich languages: Paper 4 (Character-based Neural Machine Translation) addresses the challenge of dealing with very large vocabularies and morphologically rich languages in Neural Machine Translation (NMT). The proposed system uses character-based embeddings, convolutional, and highway layers to replace standard lookup-based word representations, which helps improve results even for languages that are not morphologically rich.

3. Defining clear evaluation methods and operational concepts: Paper 1 (What is Wrong with Language Models that Can Not Tell a Story?) argues that there are no adequate datasets, evaluation methods, and operational concepts for narrative processing, which can be considered a challenge in the broader field of NLP, including machine translation.

4. Ensuring quality peer review: Paper 5 (What Can We Do to Improve Peer Review in N",0.7872065305709839,0.7843029499053955,0.4461538461538462,0.8467741935483871
44949,How does topic modeling work?,"Based on the provided research papers, there is no direct information or explanation about how topic modeling works. The papers focus on various aspects of natural language processing (NLP), such as paraphrasing evaluation, word sense disambiguation, machine translation, base noun phrase learning, and the relationship between computational linguistics and cognitive science. None of these papers (Paper 1, Paper 2, Paper 3, Paper 4, Paper 5) provide details on the methodology or principles behind topic modeling.

To understand topic modeling, one would need to refer to other sources or research papers that specifically discuss this NLP technique. Topic modeling is a statistical method used to discover abstract topics within a collection of documents. Some popular topic modeling algorithms include Latent Dirichlet Allocation (LDA) and Non-negative Matrix Factorization (NMF).

For a comprehensive understanding of topic modeling, consider consulting other research papers or resources that directly address this subject.

Reference: None of the papers [Paper 1]-[Paper 5] directly discuss topic modeling. (Insufficient context)","Topic modeling is a statistical method used to discover abstract topics within a collection of documents. It aims to uncover hidden thematic structures in large text corpora. The context provided in the research papers does not directly explain the workings of topic modeling. However, we can infer some aspects from the papers that mention related concepts.

From Paper 4, we can see an application of topic modeling in examining racial bias in an online abuse corpus. Structural topic modeling is used to analyze the content of tweets and understand the relationship between different topics, abusiveness annotation, and dialect prediction. This suggests that topic modeling can be employed to identify patterns and themes within text data, which can be useful for detecting bias in annotated datasets.

While Paper 4 provides an example of how topic modeling can be applied, it does not delve into the technical details of how topic modeling works. For a comprehensive understanding of topic modeling, one might need to refer to other sources or research papers that specifically discuss the underlying algorithms and methodologies.

In summary, based on the provided context, we can understand that topic modeling is a valuable tool for analyzing text data and uncovering hidden thematic structures. However, the specific workings of topic modeling are not explicitly discussed in the given research papers. For a detailed explanation, one should consult additional resources or papers that focus",0.6666258573532104,0.6238979697227478,0.4230769230769231,0.4074074074074074
44949,What is named entity recognition?,"Named Entity Recognition (NER) is the process of identifying and classifying named entities present in text into predefined categories such as Person, Organization, Location, etc. This task is particularly important in legal texts, as mentioned in [Paper 1], where legal named entities are slightly different and more fine-grained than commonly used named entities. The paper introduces a new corpus of 46545 annotated legal named entities mapped to 14 legal entity types and develops a Baseline model for extracting legal named entities from judgment text.

NER is also discussed in the context of Word Sense Disambiguation (WSD) in [Paper 2], where it is argued that NER and WSD are different kinds of tasks, as there is nothing in part-of-speech (POS) corresponding to sense novelty.

While NER is not directly discussed in [Paper 3], it is related to the broader field of Natural Language Processing (NLP) and cognitive science, which explores the relationships between computational linguistics and cognitive science.

In [Paper 4], keyword extraction from scientific documents is mentioned, which is a related task in understanding and processing textual information.

Lastly, [Paper 5] discusses Enterprise Relation Extraction, which involves detecting pairs of enterprise entities and identifying the business","Named Entity Recognition (NER) is a natural language processing (NLP) task that involves recognizing and extracting spans of text associated with named entities and classifying them into semantic categories. This task is crucial for various NLP applications, as it helps in understanding the context and extracting meaningful information from text data.

The context provided in the research papers can be summarized as follows:

1. [Paper 1] - Beheshti-NER: Persian Named Entity Recognition Using BERT: This paper demonstrates the application of Google BERT, a deep bidirectional language model, for named entity recognition in Persian. The model is fine-tuned to solve NER tasks and its performance is compared with previous state-of-the-art results on Persian NER.

2. [Paper 2] - Named Entity Recognition in Indian court judgments: This paper introduces a new corpus of annotated legal named entities mapped to 14 legal entity types. The Baseline model for extracting legal named entities from judgment text is also developed, highlighting the importance of NER in legal AI applications.

3. [Paper 3] - Analysis of Named Entity Recognition and Linking for Tweets: This work focuses on named entity recognition and disambiguation in tweets, a challenging task due",0.6674098968505859,0.6524461507797241,0.7946428571428571,0.8448275862068966
