n_docs,k,query,answer_base,answer_hybrid,answer_relevance_base,answer_relevance_hybrid,faithfulness_base,faithfulness_hybrid
1000,3,What is BERT and how does self-attention work?,"The provided context from research papers does not contain specific information or details about BERT (Bidirectional Encoder Representations from Transformers) or the concept of self-attention in natural language processing (NLP). The papers focus on different topics such as the intended uses of automated fact-checking artefacts (Paper 1), grounded language learning in artificial intelligence (Paper 2), and the importance of careful dataset design in NLP (Paper 3).

To answer your question about BERT and self-attention, I would need to refer to other sources or research papers that specifically discuss these topics. Here is a general explanation of BERT and self-attention:

BERT (Bidirectional Encoder Representations from Transformers) is a pre-trained language representation model developed by Google AI researchers. It was introduced in a paper titled ""BERT: Pre-training of Deep Bidirectional Transformers for Language Understanding"" by Jacob Devlin et al. (Paper number not provided in the given context). BERT uses a transformer architecture, which relies on self-attention mechanisms to process input text.

Self-attention, also known as intra-attention, is a mechanism that allows the model to weigh the importance of different words in a sentence when generating representations for each word. In the context of BERT,","Based on the provided context, specific details about BERT and self-attention mechanisms are not directly discussed in any of the three papers. Paper 3 mentions BERT and its pre-trained hidden representations for aspect-based sentiment analysis (ABSA), but it does not elaborate on the workings of BERT or self-attention.

To understand BERT and self-attention, you would need to refer to other sources or research papers that specifically address these topics. For instance, you might look into the original paper introducing BERT (Devlin et al., 2018) or other comprehensive resources on transformer models and self-attention mechanisms.

References:
- Paper 3: [3] Understanding Pre-trained BERT for Aspect-based Sentiment Analysis

Note: The context provided does not contain sufficient information to answer the question about BERT and self-attention.",0.6631834506988525,0.6743837594985962,0.2719298245614035,0.5135135135135135
1000,3,How does word2vec represent word meaning?,"Word2vec represents word meaning through its skip-gram formulation with negative sampling, as shown in [Paper 3]. This approach is equivalent to a weighted logistic PCA, which allows for a better understanding of the objective and comparison with other word embedding methods. This representation method takes into account the context of words and their inherent meanings by learning dense vectors (word embeddings) that capture semantic relationships between words. The connection to weighted logistic PCA provides insights into the underlying mathematical structure of word2vec, enhancing our understanding of how it represents word meaning.","Word2vec, specifically the skip-gram formulation with negative sampling as discussed in [Paper 1], represents word meaning by mapping words into a high-dimensional vector space. This mapping is achieved through a process that is equivalent to a weighted logistic PCA. The connection between skip-gram with negative sampling and weighted logistic PCA allows for a better understanding of the objective of word2vec and its comparison to other word embedding methods.

Furthermore, the context-sensitive word representations produced by word2vec, as mentioned in [Paper 3], are suitable for tasks like distinguishing different word senses and other context-modulated variations in meaning. These representations are computed using bidirectional LSTMs, which take into account the sentential context of words. The cross-lingual supervision hypothesis in [Paper 3] suggests that a good representation of a word in context will be one that is sufficient for selecting the correct translation into a second language.

In summary, word2vec represents word meaning by mapping words into high-dimensional vector spaces, considering their sentential context, and using bidirectional LSTMs for context-sensitive representations. The connection to weighted logistic PCA and the use of cross-lingual supervision further enhance the understanding and effectiveness of word2vec in capturing word meanings.

References:
[Paper 1",0.7141656279563904,0.6496083736419678,0.5882352941176471,0.7053571428571429
1000,3,What are the main challenges in machine translation?,"The main challenges in machine translation are not explicitly detailed in the provided abstracts. However, Paper 2 [Paper 2] does mention that the article reviews the neural machine translation (NMT) framework and discusses challenges in NMT. To provide a more comprehensive answer, one would need to access the full text of Paper 2. Based on the given context, we can infer that challenges may include improving translation performance and addressing potential future research trends, but specific challenges are not listed in the abstracts provided.

Reference:
[Paper 2] - Neural Machine Translation: Challenges, Progress and Future. (Abstract provided above)","Based on the context provided in Paper 1, the main challenges in machine translation (MT) are not explicitly detailed in the abstract. However, it mentions that the article reviews the neural machine translation (NMT) framework and discusses challenges in NMT. To gain a comprehensive understanding of the specific challenges, one would need to refer to the full text of Paper 1. The abstract suggests that the paper will address these challenges, but it does not provide the details within the given context. Therefore, I cannot provide a direct answer citing the specific challenges from the abstract alone (Paper 1).

For a more detailed analysis of the challenges in machine translation, it would be necessary to access the full text of Paper 1. The authors maintain the state-of-the-art methods for various NMT tasks at the provided GitHub link (https://github.com/ZNLP/SOTA-MT), which might offer further insights into the challenges faced in this domain.

References:
[Paper 1] Title: Neural Machine Translation: Challenges, Progress and Future.
[Paper 2] Title: Machine Reading Comprehension: a Literature Review.
[Paper 3] Title: Keyword Extraction in Scientific Documents.",0.7498272657394409,0.7327461242675781,0.5185185185185185,0.5979381443298969
1000,3,How does topic modeling work?,"The provided research papers do not directly discuss the topic of topic modeling. Topic modeling is a technique used in text mining and natural language processing to discover abstract topics within a document collection. It involves algorithms like Latent Dirichlet Allocation (LDA) to identify patterns of word usage across documents and group them into topics.

To answer your question based on the context above, I must clarify that none of the papers ([Paper 1], [Paper 2], [Paper 3]) specifically address the workings of topic modeling. However, I can provide some general insights into topic modeling:

Topic modeling works by analyzing the distribution of words across a collection of documents and identifying patterns of co-occurrence. The goal is to discover latent topics that represent the underlying themes in the text data. Some popular topic modeling algorithms include Latent Dirichlet Allocation (LDA), Non-negative Matrix Factorization (NMF), and Latent Semantic Analysis (LSA).

These algorithms use statistical methods to estimate the probability distribution of topics within documents and the probability distribution of words within topics. By iteratively updating these distributions, the algorithm can group words into topics and assign each document a set of topics based on their word distribution.

While the papers mentioned above do not discuss topic modeling, they do touch on related areas such as text classification, text","Topic modeling, as discussed in the context of the provided research papers, primarily involves representing groups of documents as lists of words, known as topic labels (Paper 2). However, this approach is critiqued for not being as close to a natural language description of a topic as desired. To address this, the authors propose an alternative approach using abstractive multi-document summarization (MDS) to generate more human-like topic labels (Paper 2).

Furthermore, the concept of text augmentation, specifically through language back translation, is mentioned in Paper 3. This technique involves translating an English sentence to another language and then translating it back to English. The authors explore the effect of 108 different language back translations on various metrics and text embeddings, which could potentially enhance the quality of topic modeling by expanding the training dataset and improving model generalization.

In summary, topic modeling works by representing groups of documents as lists of words (topic labels), but researchers are exploring more advanced techniques like abstractive multi-document summarization and text augmentation through language back translation to improve the natural language description of topics and enhance model performance (Papers 2 and 3).",0.6191301345825195,0.6084985733032227,0.11627906976744186,0.6239316239316239
1000,3,What is named entity recognition?,"Named Entity Recognition (NER) is a crucial aspect of Natural Language Processing (NLP) tasks such as information extraction, question-answering, machine translation, and document summarization. According to [Paper 2], NER involves identifying and categorizing key elements from text into predefined classes like names of persons, organizations, locations, etc. The paper specifically discusses NER in the context of Indian languages, including Assamese, which is agglutinative and faces challenges due to limited resources. The paper provides an overview of rule-based and machine learning approaches available for NER and delves into related research in this field.","Named Entity Recognition (NER) is a task in Natural Language Processing (NLP) that involves detecting and classifying entities in text into predefined categories such as dates, persons, locations, etc. This task is crucial for various NLP applications like information extraction, question-answering, machine translation, and document summarization (Paper 1). Recent advances in NLP have focused on complex architectures, but there is a challenge of overfitting and memorization, leading to the need for context-aware approaches (Paper 2). Additionally, leveraging multilingual data, especially for languages sharing a common alphabet, can improve NER performance by using unsupervised word clusters as features (Paper 3).",0.6689898371696472,0.6505126953125,0.5740740740740741,0.6949152542372882
1000,10,What is BERT and how does self-attention work?,"The provided research papers do not directly discuss BERT or the specifics of self-attention mechanisms. BERT (Bidirectional Encoder Representations from Transformers) is a widely recognized model in the field of natural language processing (NLP), introduced by researchers at Google AI Language in 2018. To understand BERT and self-attention, one would need to refer to other sources or research papers that focus on these topics.

For a comprehensive understanding of BERT and self-attention, I recommend looking into the original paper that introduced BERT:

[Paper 9]
Title: Broader terms curriculum mapping: Using natural language processing and visual-supported communication to create representative program planning experiences

Abstract:   Accreditation bodies call for curriculum development processes open to all stakeholders, reflecting viewpoints of students, industry, university faculty, and society. However, communication difficulties between faculty and non-faculty groups leave unexplored an immense collaboration potential. Using classification of learning objectives, natural language processing, and data visualization, this paper presents a method to deliver program plan representations that are universal, self-explanatory, and empowering. A simple example shows how the method contributes to representative program planning experiences and a c

While this paper does not provide a detailed explanation of BERT or self-attention,","BERT, which stands for Bidirectional Encoder Representations from Transformers, is a pre-trained language model introduced in Paper 3 titled ""Understanding Pre-trained BERT for Aspect-based Sentiment Analysis."" BERT is designed to understand the context of words in a sentence by considering the words that come before and after a given word. This is achieved through a mechanism called self-attention, which allows the model to weigh the importance of each word in a sentence when predicting the context or meaning of a specific word.

Self-attention is a key component of the Transformer architecture, which BERT is based on. It enables the model to focus on different parts of the input sequence when processing each word, allowing it to capture the relationships between words in a sentence more effectively. In Paper 7 titled ""Bring More Attention to Syntactic Symmetry for Automatic Postediting of High-Quality Machine Translations,"" the authors propose a linguistically motivated method of regularization that encourages symmetric self-attention in BERT models. This approach aims to enhance the models' understanding of the target language by promoting message-relevant and diverse responses in neural conversation models.

In summary, BERT is a pre-trained language model that uses self-attention to understand the context of words in a sentence. Self-attention allows the",0.6694774031639099,0.5875902771949768,0.7301587301587301,0.6333333333333333
1000,10,How does word2vec represent word meaning?,"Word2vec, as presented in Paper 3, represents word meaning through its skip-gram formulation trained with negative sampling. This approach is shown to be equivalent to a weighted logistic PCA. By understanding this connection, researchers can better comprehend the objective of word2vec, compare it to other word embedding methods, and extend it to higher dimensional models. This representation allows word2vec to capture semantic relationships between words by considering their context in a distributed manner. (Paper 3)","Word2vec represents word meaning through distributional properties, as mentioned in Paper 8: ""Classical'' word embeddings, such as Word2Vec, have been shown to capture the semantics of words based on their distributional properties."" This implies that word2vec models learn representations of words by analyzing the contexts in which they appear, allowing them to capture semantic relationships between words based on their distributional similarities.

Additionally, Paper 5 expands on this concept by discussing how word2vec embeddings can be used for bilingual translation: ""The information captured by these embeddings can be exploited for bilingual translation by learning a transformation matrix that allows matching relative positions across two monolingual vector spaces."" This suggests that word2vec representations can encode syntactic and semantic relationships between language elements, which can be leveraged for tasks like bilingual translation.

In summary, word2vec represents word meaning by learning vector representations based on the distributional properties of words in their contexts, capturing semantic relationships and enabling applications like bilingual translation. The context from Paper 8 and Paper 5 provides insights into how word2vec models represent word meaning.",0.7171117067337036,0.6164301037788391,0.7435897435897436,0.7835051546391752
1000,10,What are the main challenges in machine translation?,"The main challenges in machine translation are not explicitly detailed in the provided research papers. However, Paper 2 (Neural Machine Translation: Challenges, Progress and Future) discusses the challenges in neural machine translation (NMT) and mentions that maintaining state-of-the-art methods for various NMT tasks is a continuous effort. This implies that there are ongoing challenges in the field of NMT. For a more comprehensive understanding of the specific challenges, one would need to refer to the content of Paper 2.

Reference: [Paper 2]","The main challenges in machine translation, as discussed in the provided research papers, include:

1. Lack of good evaluation benchmarks for low-resource and multilingual machine translation (Paper 4): The FLORES-101 evaluation benchmark was introduced to address this issue, as current benchmarks often lack coverage of low-resource languages, consider restricted domains, or are of low quality due to semi-automatic construction procedures.

2. Linguistic biases in multilingual evaluation (Paper 5): Simple statistics, such as average language performance, might introduce linguistic biases in favor of dominant language families into evaluation methodology. A qualitative analysis informed by comparative linguistics is needed to detect and address these biases.

3. Robustness of Neural Machine Translation (NMT) models (Paper 6): NMT models remain sensitive to errors in the input data, such as phoneme substitutions, grammatical structure, and sentence boundaries, particularly in long-form speech translation systems where the input transcripts come from Automatic Speech Recognition (ASR).

4. Evolution of scientific literature and terminology (Paper 7): The complexity of scientific literature and terminology has been evolving over time, requiring sophisticated statistical methods to analyze vocabulary evolution, influential articles, and the introduction of new terms and vocab",0.784156322479248,0.7854392528533936,0.5714285714285714,0.9230769230769231
1000,10,How does topic modeling work?,"The provided context does not directly discuss the workings of topic modeling. Topic modeling is a technique used in natural language processing (NLP) to discover abstract topics within a collection of documents. It involves algorithms that identify patterns of word usage across documents to group them into topics.

To understand topic modeling better, you might want to refer to other research papers or resources that specifically address this topic. The papers mentioned above focus on various aspects of NLP, such as text classification, text augmentation, multilingual evaluation, question generation, and more. However, none of them provide a detailed explanation of how topic modeling works.

For a comprehensive understanding of topic modeling, consider exploring resources like:

1. ""Latent Dirichlet Allocation: A Probabilistic Model for Topic Modeling"" by Blei, Ng, and Jordan (Paper number not provided)
2. ""Topic Modeling with Latent Dirichlet Allocation"" by Blei, Ng, and Jordan (Paper number not provided)
3. ""Non-negative Matrix Factorization for Topic Modeling"" by Griffiths and Steyvers (Paper number not provided)

These resources should provide a more in-depth explanation of topic modeling and its underlying principles.","Topic modeling is a technique used in natural language processing (NLP) to discover abstract topics within a collection of documents. The concept of topic modeling is explored in several of the provided research papers, which collectively offer insights into its application and effectiveness.

From Paper 4, we learn that topic modeling techniques have gained popularity in analyzing customer reviews and other user-generated textual content on online platforms. The paper examines and compares five frequently used topic modeling methods, highlighting their ability to extract valuable insights from vast amounts of textual data.

Paper 6 further elaborates on topic modeling by discussing a novel, doubly hierarchical, semi-supervised event modeling framework. This approach incorporates structured latent variables and ontological knowledge to improve the representational capabilities of event modeling approaches. While this paper focuses on event modeling, it demonstrates the potential of integrating structured knowledge into topic modeling to enhance its effectiveness.

Additionally, Paper 8 provides an explorative analysis of how the discourse about Covid-19 on Twitter changes over time using topic modeling. The paper shows how topics associated with the development of the pandemic evolve, indicating the dynamic nature of topic modeling in capturing shifts in discourse.

In summary, topic modeling works by analyzing large collections of text",0.6638681888580322,0.6275472044944763,0.3119266055045872,0.7286821705426356
1000,10,What is named entity recognition?,"Named Entity Recognition (NER) is a crucial task in Natural Language Processing (NLP) that involves detecting and classifying named entities within text into predefined categories such as person, organization, location, date, etc. This concept is discussed in detail in several research papers:

- [Paper 2]: ""A Survey of Named Entity Recognition in Assamese and other Indian Languages"" provides a comprehensive overview of NER in Indian languages, including Assamese. It mentions various rule-based and machine learning approaches available for NER.

- [Paper 4]: ""Dynamic Named Entity Recognition"" introduces a new task called Dynamic Named Entity Recognition (DNER), which focuses on exploiting context to better extract entities, addressing the limitations of traditional NER approaches that rely on memorization.

- [Paper 9]: ""A Survey on Semantic Parsing"" discusses the field of semantic parsing, which deals with converting natural language utterances to logical forms that can be executed on a knowledge base. Named entities play a significant role in this process, as they need to be accurately identified and classified for effective querying and execution on knowledge bases.

These papers collectively provide insights into the importance, methodologies, and challenges associated with Named Entity Recognition in various contexts and languages.","Named Entity Recognition (NER) is a crucial task in Natural Language Processing (NLP) that involves detecting and classifying named entities in text into predefined categories such as person, location, organization, etc. This task is widely studied and applied in various NLP tasks like information extraction, question-answering, machine translation, and document summarization (Paper 1).

Dynamic Named Entity Recognition (DNER) is a new approach that targets situations where the type of entities depends on the context, rather than relying solely on memorization (Paper 2). This approach aims to better evaluate the ability of algorithms to extract entities by exploiting the context.

Named Entities (NEs) can be improved by using unsupervised word clusters from secondary languages as features in state-of-the-art discriminative NER systems. This method shows significant increases in performance, particularly in person and location identification (Paper 3).

The importance of NER is also highlighted in the context of scientific document analysis, where understanding and extracting keywords and keyphrases from abstracts can help in tracking trends and changes in scientific publications (Paper 4).

In scenarios where annotated data is limited, semi-supervised learning techniques like transfer learning or meta-learning can be applied to NER tasks. Prototypical Network, a metric learning technique, can",0.6428442001342773,0.6496267318725586,0.7058823529411765,0.875
1000,15,What is BERT and how does self-attention work?,"The provided context does not directly discuss BERT or self-attention mechanisms. BERT (Bidirectional Encoder Representations from Transformers) is a widely recognized model in the field of natural language processing (NLP), but it is not explicitly mentioned in any of the research papers listed.

However, to give you an understanding of BERT and self-attention, I will provide a general explanation based on existing knowledge in the field:

BERT (Paper number not provided): BERT, which stands for Bidirectional Encoder Representations from Transformers, is a pre-trained language representation model introduced by Google in 2018. It is designed to understand the context of a word in a sentence by considering the words that come before and after it. BERT has significantly improved the performance of various NLP tasks, such as question answering, named entity recognition, and sentiment analysis.

Self-attention (Paper number not provided): Self-attention, also known as intra-attention, is a mechanism that allows a model to weigh the importance of different words in a sentence when generating representations for each word. In the context of BERT, self-attention is used in the Transformer architecture, which forms the backbone of the model.

The Transformer architecture, introduced in the paper ""Attention Is All You Need"" (Paper number not provided),","BERT, which stands for Bidirectional Encoder Representations from Transformers, is a pre-trained language model that has been widely used for various natural language processing (NLP) tasks, including aspect-based sentiment analysis (Paper 3). BERT utilizes a transformer architecture, which is characterized by its self-attention mechanism.

Self-attention, also known as intra-attention, is a mechanism that allows the model to weigh the importance of different words in a sentence when generating representations for each word. In the context of BERT, self-attention enables the model to consider the context of a word by looking at the words surrounding it, both before and after it. This is in contrast to traditional sequential models that only consider words in a forward or backward direction.

The self-attention mechanism in BERT is implemented through multiple attention heads, as mentioned in Paper 12. These attention heads allow the model to capture different aspects of the relationships between words in a sentence. By leveraging the annotated datasets in aspect-based sentiment analysis, researchers found that BERT uses very few self-attention heads to encode context words, such as prepositions or pronouns that indicate an important relationship between words (Paper 3).

In summary, BERT is a pre-trained language model that uses a transformer architecture with self-attention",0.6152193546295166,0.5876047611236572,0.39285714285714285,0.6722689075630253
1000,15,How does word2vec represent word meaning?,"Word2vec, as presented in Paper 3, represents word meaning through its skip-gram formulation trained with negative sampling. This approach is shown to be equivalent to a weighted logistic PCA. By understanding this connection, researchers can better comprehend the objective of word2vec, compare it to other word embedding methods, and extend it to higher dimensional models. This representation allows words to be mapped into a dense vector space where the semantic similarity between words can be quantified based on the distances and angles between their corresponding vectors. The underlying principle is that words appearing in similar contexts tend to have similar meanings, which is captured by the distributional representations learned by the model.","Word2vec represents word meaning through its ability to encode syntactic and semantic relationships between language elements in a high-dimensional vector space. This representation is achieved by creating dense vectors for words, where the proximity and orientation of these vectors capture the relationships and similarities between words (Paper 5).

Furthermore, word2vec's skip-gram formulation with negative sampling has been shown to be equivalent to a weighted logistic PCA (Paper 1). This connection allows for a better understanding of the objective of word2vec and its comparison to other word embedding methods.

Additionally, word2vec embeddings have been used for bilingual translation by learning a transformation matrix that matches relative positions across two monolingual vector spaces (Paper 5). This method exploits the information captured by word2vec embeddings to identify high-quality candidates for word and phrase translation more cost-effectively from unlabeled data.

Lastly, word2vec embeddings have been applied to detect signs of depression from social media text (Paper 12), demonstrating their utility in capturing semantic representations for various NLP tasks.

In summary, word2vec represents word meaning by encoding syntactic and semantic relationships between words in a high-dimensional vector space, which can be used for various NLP tasks, including bilingual translation and sentiment analysis. The connection to",0.6908376216888428,0.648505687713623,0.6779661016949152,0.8173913043478261
1000,15,What are the main challenges in machine translation?,"The main challenges in machine translation are not explicitly detailed in the provided research papers. However, Paper 2 discusses the challenges in neural machine translation (NMT) and mentions that it is a field with ongoing research and development. To understand the specific challenges in machine translation, one might need to refer to the content of Paper 2, which provides a review of NMT frameworks and discusses the challenges faced in this domain.

Reference:
Paper 2: Neural Machine Translation: Challenges, Progress and Future (Abstract provided above)

For a more comprehensive understanding of the challenges in machine translation, it is recommended to read the full text of Paper 2.","The main challenges in machine translation, as discussed in the provided research papers, include:

1. Achieving high translation performance: Paper 1 mentions that neural machine translation (NMT) has achieved a big breakthrough in translation performance, but it also implies that there are still challenges to overcome to reach the desired level of accuracy (Paper 1).

2. Lack of good evaluation benchmarks: Paper 4 introduces the FLORES-101 evaluation benchmark to address the issue of insufficient evaluation benchmarks for low-resource and multilingual machine translation (Paper 4).

3. Multilingual evaluation biases: Paper 5 discusses the problem of multilingual evaluation and the need for qualitative analysis informed by comparative linguistics to detect linguistic biases in evaluation methodology (Paper 5).

4. Robustness to errors: Paper 6 highlights the challenge of handling errors in input data, such as phoneme substitutions, grammatical structure, and sentence boundaries, which can affect the robustness of neural machine translation models (Paper 6).

5. Evolving scientific literature: Paper 7 presents a statistical approach to analyze the evolution of scientific literature, which can be challenging due to the increasing complexity of terminology used in abstracts over time (Paper 7).

6. Data quality",0.7676081657409668,0.7655868530273438,0.6666666666666666,0.8365384615384616
1000,15,How does topic modeling work?,"Topic modeling is not directly discussed in the provided research papers. However, understanding the context of Natural Language Processing (NLP) and Machine Learning (ML) from these papers can give some insights into how topic modeling might work in general.

Topic modeling is a statistical method for discovering abstract topics that occur in a collection of documents. It is often used in text mining and document clustering to uncover hidden thematic structures within a large corpus of text. The papers mentioned above do not explicitly discuss topic modeling, but some concepts related to text analysis and understanding can be inferred.

For example, Paper 1 discusses corpus statistics and text classification results, which are essential components of topic modeling. Understanding the characteristics of textual data sets (as mentioned in Paper 1) can help in designing effective topic models.

Paper 12 touches on domain-specific abstractive text summarization, which can be related to topic modeling when summarizing the main themes or topics within a specific domain.

Paper 15 evaluates the effectiveness of decision tree ensembles in disambiguating lexical samples, which could be relevant in topic modeling when dealing with polysemous words and their context-specific meanings.

While these papers do not directly address topic modeling, they contribute to the broader field of NLP and ML","Topic modeling is a technique used in Natural Language Processing (NLP) to discover abstract topics within a collection of documents. The concept of topic modeling is explored in several research papers, which provide insights into its application and methodology.

From Paper 4, we learn that topic modeling techniques have gained popularity in analyzing customer reviews and other user-generated textual content. The paper compares five frequently used topic modeling methods to understand their effectiveness in extracting valuable insights from large volumes of textual data.

Paper 7 discusses an approach called Quinductor, which is a data-driven method for automatic question generation (QG) in reading comprehension tasks. While this paper does not directly explain the workings of topic modeling, it demonstrates the application of topic modeling in generating questions based on the content of Swedish text.

Paper 12 introduces Topic Memory Networks for short text classification, which incorporates a novel topic memory mechanism to encode latent topic representations indicative of class labels. This approach jointly explores topic inference and text classification with memory networks in an end-to-end manner, showing that topic modeling can be used to improve classification performance on short texts.

Paper 13 focuses on negation in machine translation, which indirectly relates to topic modeling as it deals with the semantics of utterances",0.6602060198783875,0.6643801331520081,0.5121951219512195,0.8384615384615385
1000,15,What is named entity recognition?,"Named Entity Recognition (NER) is an important task in Natural Language Processing (NLP) that involves detecting and classifying named entities within text into predefined categories such as person, location, organization, etc. This task is crucial for various NLP applications like information extraction, question-answering, machine translation, and document summarization (Paper 2).

Named entities are specific types of information that can be identified in text, and they often carry significant meaning. For instance, in the context of Indian languages, NER is particularly challenging due to the agglutinative nature of these languages and the lack of appropriate resources (Paper 2).

The importance of NER is further highlighted in the context of machine translation, where understanding named entities can improve translation accuracy (Paper 14). Additionally, NER plays a role in text augmentation, where translating a sentence to another language and back can help generate new training data for NLP models (Paper 14).

In summary, Named Entity Recognition is a fundamental task in NLP that involves identifying and classifying named entities in text, and it has significant implications for various NLP applications and tasks (Papers 2, 14).","Named Entity Recognition (NER) is a crucial task in Natural Language Processing (NLP) that involves detecting and classifying named entities in text into predefined categories such as person, location, organization, etc. This task is important for various NLP applications like information extraction, question-answering, machine translation, and document summarization (Paper 1).

Several approaches are available for NER, including rule-based and machine learning methods (Paper 1). Recent advances in NLP focus on architectures that may lead to overfitting and memorization, thus underutilizing context (Paper 2). Dynamic Named Entity Recognition (DNER) is introduced as a new task that better exploits context to extract entities (Paper 2).

Named Entities (NEs) can be improved by using unsupervised word clusters from secondary languages as features in state-of-the-art discriminative NER systems (Paper 3). Phylogenetically close languages provide more valuable features than more distant languages.

In the context of scientific documents, understanding named entities is essential for tasks like knowledge graph building, text mining, and discipline classification (Paper 4).

For NLP tasks with limited annotated data, semi-supervised learning techniques like transfer learning or meta-learning are employed. Prototypical Network, a",0.6091439723968506,0.6381543278694153,0.79,0.9310344827586207
